STORAGE_IN,CONSTANT_HEAD_IN,RIVER_LEAKAGE_IN,RECHARGE_IN,MNW2_IN,TOTAL_IN,STORAGE_OUT,CONSTANT_HEAD_OUT,RIVER_LEAKAGE_OUT,RECHARGE_OUT,MNW2_OUT,TOTAL_OUT,IN-OUT,PERCENT_DISCREPANCY,WellNum
0.0,0.0,484163.5625,914428.75,0.0,1398592.25,0.0,74298.9453125,1324293.75,0.0,0.0,1398592.75,-0.5,-0.0,0
0.0,0.0,484163.65625,914428.75,3.608599901199341,1398596.0,0.0,74298.2265625,1324292.25,0.0,5.879799842834473,1398596.375,-0.375,-0.0,0
0.0,0.0,484164.4375,914428.75,0.0,1398593.25,0.0,74298.9140625,1324292.125,0.0,2.271199941635132,1398593.25,0.0,0.0,0
0.0,0.0,484163.8125,914428.75,1.894700050354004,1398594.375,0.0,74298.9453125,1324291.75,0.0,4.18209981918335,1398594.875,-0.5,-0.0,0
0.0,0.0,484163.71875,914428.75,2.999000072479248,1398595.5,0.0,74298.9453125,1324291.375,0.0,5.271200180053711,1398595.625,-0.125,-0.0,0
0.0,0.0,484163.65625,914428.75,5.418600082397461,1398597.75,0.0,74298.9453125,1324291.375,0.0,7.690000057220459,1398598.125,-0.375,-0.0,0
0.0,0.0,484163.625,914428.75,0.0,1398592.375,0.0,74298.9453125,1324291.5,0.0,2.271199941635132,1398592.75,-0.375,-0.0,0
0.0,0.0,484163.6875,914428.75,0.0,1398592.5,0.0,74298.9453125,1324291.625,0.0,2.271199941635132,1398592.875,-0.375,-0.0,0
0.0,0.0,484163.71875,914428.75,0.0,1398592.5,0.0,74298.9453125,1324291.625,0.0,2.271199941635132,1398592.875,-0.375,-0.0,0
0.0,0.0,484163.84375,914428.75,0.0,1398592.625,0.0,74298.9375,1324291.75,0.0,2.271199941635132,1398593.0,-0.375,-0.0,0
0.0,0.0,484164.125,914428.75,0.0,1398592.875,0.0,74298.9375,1324291.875,0.0,2.271199941635132,1398593.0,-0.125,-0.0,0
0.0,0.0,484164.3125,914428.75,0.0,1398593.0,0.0,74298.9453125,1324292.25,0.0,2.271199941635132,1398593.5,-0.5,-0.0,0
0.0,0.0,484164.34375,914428.75,0.0,1398593.125,0.0,74298.9453125,1324292.25,0.0,2.271199941635132,1398593.5,-0.375,-0.0,0
0.0,0.0,484164.71875,914428.75,26.356300354003906,1398619.875,0.0,74298.78125,1324292.75,0.0,28.627700805664062,1398620.125,-0.25,-0.0,0
0.0,0.0,484164.375,914428.75,0.0,1398593.125,0.0,74298.9453125,1324292.25,0.0,2.271199941635132,1398593.5,-0.375,-0.0,0
0.0,0.0,484163.9375,914428.75,0.0,1398592.75,0.0,74298.9453125,1324291.875,0.0,2.271199941635132,1398593.125,-0.375,-0.0,0
0.0,0.0,484163.78125,914428.75,0.0,1398592.5,0.0,74298.9453125,1324291.625,0.0,2.271199941635132,1398592.875,-0.375,-0.0,0
0.0,0.0,484163.6875,914428.75,10.305399894714355,1398602.75,0.0,74298.9453125,1324291.375,0.0,12.576899528503418,1398603.0,-0.25,-0.0,0
0.0,0.0,484163.65625,914428.75,0.0,1398592.375,0.0,74298.9453125,1324291.375,0.0,2.2720999717712402,1398592.625,-0.25,-0.0,0
0.0,0.0,484163.6875,914428.75,0.0,1398592.5,0.0,74298.9453125,1324291.375,0.0,2.271199941635132,1398592.625,-0.125,-0.0,0
0.0,0.0,484163.6875,914428.75,0.016915999352931976,1398592.5,0.0,74298.9453125,1324291.5,0.0,2.301800012588501,1398592.75,-0.25,-0.0,0
0.0,0.0,484163.6875,914428.75,0.0,1398592.5,0.0,74298.9453125,1324291.625,0.0,2.271199941635132,1398592.875,-0.375,-0.0,0
0.0,0.0,484163.65625,914428.75,0.0,1398592.375,0.0,74298.9453125,1324291.625,0.0,2.271199941635132,1398592.875,-0.5,-0.0,0
0.0,0.0,484163.9375,914428.75,0.0,1398592.75,0.0,74298.9375,1324291.625,0.0,2.271199941635132,1398592.75,0.0,0.0,0
0.0,0.0,484164.0,914428.75,0.0,1398592.75,0.0,74298.7421875,1324292.125,0.0,2.271199941635132,1398593.125,-0.375,-0.0,0
0.0,0.0,484164.09375,914428.75,0.0,1398592.875,0.0,74298.9375,1324292.0,0.0,2.271199941635132,1398593.25,-0.375,-0.0,0
0.0,0.0,484164.125,914428.75,0.0,1398592.875,0.0,74298.9453125,1324291.875,0.0,2.271199941635132,1398593.125,-0.25,-0.0,0
0.0,0.0,484164.1875,914428.75,0.0,1398593.0,0.0,74298.9453125,1324292.125,0.0,2.271199941635132,1398593.375,-0.375,-0.0,0
0.0,0.0,484164.3125,914428.75,0.0,1398593.0,0.0,74298.9453125,1324292.125,0.0,2.271199941635132,1398593.375,-0.375,-0.0,0
0.0,0.0,484164.28125,914428.75,0.0,1398593.0,0.0,74298.9453125,1324292.0,0.0,2.271199941635132,1398593.25,-0.25,-0.0,0
0.0,0.0,484164.1875,914428.75,0.0,1398593.0,0.0,74298.9453125,1324291.875,0.0,2.271199941635132,1398593.125,-0.125,-0.0,0
0.0,0.0,484164.03125,914428.75,0.0,1398592.75,0.0,74298.9453125,1324292.0,0.0,2.271199941635132,1398593.25,-0.5,-0.0,0
0.0,0.0,484163.9375,914428.75,0.0,1398592.75,0.0,74298.9453125,1324291.75,0.0,2.271199941635132,1398593.0,-0.25,-0.0,0
0.0,0.0,484163.875,914428.75,8.38860034942627,1398601.0,0.0,74298.9453125,1324291.625,0.0,10.662599563598633,1398601.25,-0.25,-0.0,0
0.0,0.0,484163.65625,914428.75,17.637300491333008,1398610.0,0.0,74298.9453125,1324291.375,0.0,19.908599853515625,1398610.25,-0.25,-0.0,0
0.0,0.0,484164.1875,914428.75,0.0,1398593.0,0.0,74298.6015625,1324292.375,0.0,2.271199941635132,1398593.25,-0.25,-0.0,0
0.0,0.0,484163.6875,914428.75,0.0,1398592.5,0.0,74298.9453125,1324291.375,0.0,2.271199941635132,1398592.625,-0.125,-0.0,0
0.0,0.0,484163.6875,914428.75,0.0,1398592.5,0.0,74298.9453125,1324291.375,0.0,2.271199941635132,1398592.625,-0.125,-0.0,0
0.0,0.0,484163.6875,914428.75,0.0,1398592.5,0.0,74298.9453125,1324291.375,0.0,2.271199941635132,1398592.625,-0.125,-0.0,0
0.0,0.0,484163.6875,914428.75,2.146199941635132,1398594.625,0.0,74298.9453125,1324291.375,0.0,4.417399883270264,1398594.75,-0.125,-0.0,0
0.0,0.0,484163.6875,914428.75,0.8654000163078308,1398593.375,0.0,74298.9453125,1324291.375,0.0,3.1384999752044678,1398593.5,-0.125,-0.0,0
0.0,0.0,484163.96875,914428.75,34.054901123046875,1398626.75,0.0,74298.9375,1324291.625,0.0,36.32619857788086,1398626.875,-0.125,-0.0,0
0.0,0.0,484163.78125,914428.75,0.0,1398592.5,0.0,74298.9375,1324291.625,0.0,2.271199941635132,1398592.75,-0.25,-0.0,0
0.0,0.0,484164.03125,914428.75,15.236300468444824,1398608.0,0.0,74298.9375,1324291.875,0.0,17.50779914855957,1398608.25,-0.25,-0.0,0
0.0,0.0,484164.0625,914428.75,0.0,1398592.75,0.0,74298.9375,1324291.875,0.0,2.271199941635132,1398593.0,-0.25,-0.0,0
0.0,0.0,484164.125,914428.75,0.0,1398592.875,0.0,74298.9453125,1324292.0,0.0,2.271199941635132,1398593.25,-0.375,-0.0,0
0.0,0.0,484164.21875,914428.75,0.0,1398593.0,0.0,74298.5390625,1324292.5,0.0,2.271199941635132,1398593.25,-0.25,-0.0,0
0.0,0.0,484164.25,914428.75,0.0,1398593.0,0.0,74298.9453125,1324292.125,0.0,2.271199941635132,1398593.375,-0.375,-0.0,0
0.0,0.0,484165.84375,914428.75,8.836099624633789,1398603.5,0.0,74298.9453125,1324293.625,0.0,11.107500076293945,1398603.75,-0.25,-0.0,0
0.0,0.0,484164.21875,914428.75,0.0,1398593.0,0.0,74298.9453125,1324292.125,0.0,2.271199941635132,1398593.375,-0.375,-0.0,0
0.0,0.0,484164.71875,914428.75,20.71139907836914,1398614.25,0.0,74298.9453125,1324292.625,0.0,22.98259925842285,1398614.625,-0.375,-0.0,0
0.0,0.0,484163.84375,914428.75,0.0,1398592.625,0.0,74298.9453125,1324291.75,0.0,2.271199941635132,1398593.0,-0.375,-0.0,0
0.0,0.0,484163.78125,914428.75,0.0,1398592.5,0.0,74298.9453125,1324291.625,0.0,2.271199941635132,1398592.875,-0.375,-0.0,0
0.0,0.0,484163.71875,914428.75,0.0,1398592.5,0.0,74298.9453125,1324291.625,0.0,2.271199941635132,1398592.875,-0.375,-0.0,0
0.0,0.0,484163.6875,914428.75,0.0,1398592.5,0.0,74298.9453125,1324291.625,0.0,2.271199941635132,1398592.875,-0.375,-0.0,0
0.0,0.0,484163.65625,914428.75,0.0,1398592.375,0.0,74298.9453125,1324291.625,0.0,2.271199941635132,1398592.875,-0.5,-0.0,0
0.0,0.0,484163.65625,914428.75,0.0,1398592.375,0.0,74298.9453125,1324291.5,0.0,2.271199941635132,1398592.75,-0.375,-0.0,0
0.0,0.0,484164.3125,914428.75,0.0,1398593.0,0.0,74298.9296875,1324292.25,0.0,2.271199941635132,1398593.375,-0.375,-0.0,0
0.0,0.0,484163.71875,914428.75,0.15559999644756317,1398592.625,0.0,74298.9453125,1324291.375,0.0,2.4370999336242676,1398592.75,-0.125,-0.0,0
0.0,0.0,484163.6875,914428.75,4.317500114440918,1398596.875,0.0,74298.9453125,1324291.5,0.0,6.588799953460693,1398597.125,-0.25,-0.0,0
0.0,0.0,484163.6875,914428.75,2.468899965286255,1398595.0,0.0,74298.9453125,1324291.5,0.0,4.740699768066406,1398595.25,-0.25,-0.0,0
0.0,0.0,484163.6875,914428.75,2.8666000366210938,1398595.375,0.0,74298.9453125,1324291.375,0.0,5.138599872589111,1398595.5,-0.125,-0.0,0
0.0,0.0,484163.65625,914428.75,0.0,1398592.375,0.0,74298.9453125,1324291.5,0.0,2.271199941635132,1398592.75,-0.375,-0.0,0
0.0,0.0,484163.84375,914428.75,0.0,1398592.625,0.0,74298.9375,1324291.625,0.0,2.271199941635132,1398592.75,-0.125,-0.0,0
0.0,0.0,484163.9375,914428.75,0.0,1398592.75,0.0,74298.9375,1324291.875,0.0,2.271199941635132,1398593.0,-0.25,-0.0,0
0.0,0.0,484164.1875,914428.75,0.0,1398593.0,0.0,74298.9453125,1324291.875,0.0,2.271199941635132,1398593.125,-0.125,-0.0,0
0.0,0.0,484164.25,914428.75,1.1332999467849731,1398594.125,0.0,74298.9453125,1324292.0,0.0,3.4054999351501465,1398594.375,-0.25,-0.0,0
0.0,0.0,484164.03125,914428.75,0.8852999806404114,1398593.625,0.0,74298.9453125,1324291.875,0.0,3.1600000858306885,1398594.0,-0.375,-0.0,0
0.0,0.0,484163.90625,914428.75,0.0,1398592.625,0.0,74298.921875,1324291.875,0.0,2.271199941635132,1398593.0,-0.375,-0.0,0
0.0,0.0,484163.9375,914428.75,0.0,1398592.75,0.0,74298.9453125,1324291.875,0.0,2.271199941635132,1398593.125,-0.375,-0.0,0
0.0,0.0,484163.8125,914428.75,0.0,1398592.5,0.0,74298.9453125,1324291.75,0.0,2.271199941635132,1398593.0,-0.5,-0.0,0
0.0,0.0,484163.78125,914428.75,0.0,1398592.5,0.0,74298.9453125,1324291.625,0.0,2.271199941635132,1398592.875,-0.375,-0.0,0
0.0,0.0,484163.71875,914428.75,0.0,1398592.5,0.0,74298.9453125,1324291.625,0.0,2.271199941635132,1398592.875,-0.375,-0.0,0
0.0,0.0,484163.75,914428.75,11.616800308227539,1398604.125,0.0,74298.9453125,1324290.875,0.0,14.232600212097168,1398604.125,0.0,0.0,0
0.0,0.0,484163.71875,914428.75,0.0,1398592.5,0.0,74298.9453125,1324291.375,0.0,2.271199941635132,1398592.625,-0.125,-0.0,0
0.0,0.0,484163.65625,914428.75,0.0,1398592.375,0.0,74298.9453125,1324291.625,0.0,2.271199941635132,1398592.875,-0.5,-0.0,0
0.0,0.0,484163.65625,914428.75,0.0,1398592.375,0.0,74298.9453125,1324291.5,0.0,2.271199941635132,1398592.75,-0.375,-0.0,0
0.0,0.0,484163.65625,914428.75,3.1273000240325928,1398595.5,0.0,74298.9453125,1324291.5,0.0,5.404399871826172,1398595.875,-0.375,-0.0,0
0.0,0.0,484163.6875,914428.75,1.367300033569336,1398593.875,0.0,74298.9453125,1324291.5,0.0,3.6398000717163086,1398594.125,-0.25,-0.0,0
0.0,0.0,484164.15625,914428.75,0.0,1398592.875,0.0,74298.8828125,1324292.125,0.0,2.271199941635132,1398593.25,-0.375,-0.0,0
0.0,0.0,484163.65625,914428.75,0.0,1398592.375,0.0,74298.9453125,1324291.5,0.0,2.271199941635132,1398592.75,-0.375,-0.0,0
0.0,0.0,484163.75,914428.75,0.0,1398592.5,0.0,74298.9453125,1324291.5,0.0,2.271199941635132,1398592.75,-0.25,-0.0,0
0.0,0.0,484163.875,914428.75,0.0,1398592.625,0.0,74298.9375,1324291.625,0.0,2.271199941635132,1398592.75,-0.125,-0.0,0
0.0,0.0,484164.03125,914428.75,0.0,1398592.75,0.0,74298.9453125,1324291.875,0.0,2.271199941635132,1398593.125,-0.375,-0.0,0
0.0,0.0,484163.96875,914428.75,3.6572999954223633,1398596.375,0.0,74298.9453125,1324291.75,0.0,5.928800106048584,1398596.625,-0.25,-0.0,0
0.0,0.0,484163.90625,914428.75,0.0,1398592.625,0.0,74298.9453125,1324291.75,0.0,2.271199941635132,1398593.0,-0.375,-0.0,0
0.0,0.0,484163.84375,914428.75,0.0,1398592.625,0.0,74298.9453125,1324291.75,0.0,2.271199941635132,1398593.0,-0.375,-0.0,0
0.0,0.0,484163.78125,914428.75,0.0,1398592.5,0.0,74298.9453125,1324291.625,0.0,2.271199941635132,1398592.875,-0.375,-0.0,0
0.0,0.0,484163.84375,914428.75,0.16609999537467957,1398592.75,0.0,74298.9453125,1324291.25,0.0,2.5497000217437744,1398592.75,0.0,0.0,0
0.0,0.0,484163.71875,914428.75,0.0,1398592.5,0.0,74298.9453125,1324291.625,0.0,2.271199941635132,1398592.875,-0.375,-0.0,0
0.0,0.0,484164.46875,914428.75,0.0,1398593.25,0.0,74298.78125,1324292.5,0.0,2.271199941635132,1398593.5,-0.25,-0.0,0
0.0,0.0,484163.6875,914428.75,0.0,1398592.5,0.0,74298.9453125,1324291.625,0.0,2.271199941635132,1398592.875,-0.375,-0.0,0
0.0,0.0,484163.6875,914428.75,0.0,1398592.5,0.0,74298.9453125,1324291.375,0.0,2.271199941635132,1398592.625,-0.125,-0.0,0
0.0,0.0,484163.65625,914428.75,0.0,1398592.375,0.0,74298.9453125,1324291.5,0.0,2.271199941635132,1398592.75,-0.375,-0.0,0
0.0,0.0,484163.6875,914428.75,0.0,1398592.5,0.0,74298.9453125,1324291.5,0.0,2.271199941635132,1398592.75,-0.25,-0.0,0
0.0,0.0,484163.65625,914428.75,0.3434000015258789,1398592.75,0.0,74298.9453125,1324291.5,0.0,2.629300117492676,1398593.125,-0.375,-0.0,0
0.0,0.0,484163.65625,914428.75,0.4424999952316284,1398592.875,0.0,74298.9453125,1324291.5,0.0,2.7156999111175537,1398593.25,-0.375,-0.0,0
0.0,0.0,484163.65625,914428.75,1.5995999574661255,1398594.0,0.0,74298.9453125,1324291.5,0.0,3.871299982070923,1398594.375,-0.375,-0.0,0
0.0,0.0,484163.6875,914428.75,2.210200071334839,1398594.75,0.0,74298.9453125,1324291.375,0.0,4.481500148773193,1398594.875,-0.125,-0.0,0
0.0,0.0,484163.6875,914428.75,22.033899307250977,1398614.5,0.0,74298.9453125,1324291.5,0.0,24.305099487304688,1398614.75,-0.25,-0.0,0
0.0,0.0,484163.8125,914428.75,0.0,1398592.5,0.0,74298.9375,1324291.5,0.0,2.271199941635132,1398592.75,-0.25,-0.0,0
0.0,0.0,484164.375,914428.75,0.0,1398593.125,0.0,74298.71875,1324292.5,0.0,2.271199941635132,1398593.5,-0.375,-0.0,0
0.0,0.0,484163.90625,914428.75,0.0,1398592.625,0.0,74298.9375,1324291.625,0.0,2.271199941635132,1398592.75,-0.125,-0.0,0
0.0,0.0,484163.9375,914428.75,0.0,1398592.75,0.0,74298.9375,1324291.875,0.0,2.271199941635132,1398593.0,-0.25,-0.0,0
0.0,0.0,484164.03125,914428.75,0.0,1398592.75,0.0,74298.9375,1324291.875,0.0,2.271199941635132,1398593.0,-0.25,-0.0,0
0.0,0.0,484164.09375,914428.75,0.0,1398592.875,0.0,74298.9375,1324292.0,0.0,2.271199941635132,1398593.25,-0.375,-0.0,0
0.0,0.0,484164.1875,914428.75,0.0,1398593.0,0.0,74298.9375,1324292.125,0.0,2.271199941635132,1398593.25,-0.25,-0.0,0
0.0,0.0,484164.28125,914428.75,0.0,1398593.0,0.0,74298.9375,1324292.0,0.0,2.2713000774383545,1398593.25,-0.25,-0.0,0
0.0,0.0,484164.28125,914428.75,0.0,1398593.0,0.0,74298.9375,1324292.125,0.0,2.271199941635132,1398593.25,-0.25,-0.0,0
0.0,0.0,484164.3125,914428.75,0.0,1398593.0,0.0,74298.9375,1324292.25,0.0,2.271199941635132,1398593.5,-0.5,-0.0,0
0.0,0.0,484163.875,914428.75,0.0,1398592.625,0.0,74298.9453125,1324291.75,0.0,2.271199941635132,1398593.0,-0.375,-0.0,0
0.0,0.0,484163.84375,914428.75,0.0,1398592.625,0.0,74298.9453125,1324291.625,0.0,2.271199941635132,1398592.875,-0.25,-0.0,0
0.0,0.0,484165.15625,914428.75,21.825700759887695,1398615.75,0.0,74298.765625,1324293.25,0.0,24.09709930419922,1398616.125,-0.375,-0.0,0
0.0,0.0,484164.5625,914428.75,0.0,1398593.25,0.0,74298.7265625,1324292.625,0.0,2.271199941635132,1398593.625,-0.375,-0.0,0
0.0,0.0,484163.8125,914428.75,0.0,1398592.5,0.0,74298.9453125,1324291.5,0.0,2.271199941635132,1398592.75,-0.25,-0.0,0
0.0,0.0,484163.8125,914428.75,0.0,1398592.5,0.0,74298.9453125,1324291.375,0.0,2.2713000774383545,1398592.625,-0.125,-0.0,0
0.0,0.0,484163.8125,914428.75,0.0,1398592.5,0.0,74298.9453125,1324291.375,0.0,2.2713000774383545,1398592.625,-0.125,-0.0,0
0.0,0.0,484163.78125,914428.75,0.0,1398592.5,0.0,74298.9453125,1324291.5,0.0,2.271199941635132,1398592.75,-0.25,-0.0,0
0.0,0.0,484163.6875,914428.75,0.0,1398592.5,0.0,74298.9453125,1324291.5,0.0,2.271199941635132,1398592.75,-0.25,-0.0,0
0.0,0.0,484163.65625,914428.75,0.0,1398592.375,0.0,74298.9453125,1324291.625,0.0,2.271199941635132,1398592.875,-0.5,-0.0,0
0.0,0.0,484163.71875,914428.75,0.0,1398592.5,0.0,74298.9453125,1324291.375,0.0,2.271199941635132,1398592.625,-0.125,-0.0,0
0.0,0.0,484163.6875,914428.75,0.0,1398592.5,0.0,74298.9453125,1324291.5,0.0,2.271199941635132,1398592.75,-0.25,-0.0,0
0.0,0.0,484163.65625,914428.75,0.0,1398592.375,0.0,74298.9453125,1324291.625,0.0,2.271199941635132,1398592.875,-0.5,-0.0,0
0.0,0.0,484163.71875,914428.75,0.0,1398592.5,0.0,74298.9453125,1324291.375,0.0,2.271199941635132,1398592.625,-0.125,-0.0,0
0.0,0.0,484164.28125,914428.75,0.3312999904155731,1398593.375,0.0,74298.9375,1324292.125,0.0,2.6024999618530273,1398593.625,-0.25,-0.0,0
0.0,0.0,484163.65625,914428.75,1.5719000101089478,1398594.0,0.0,74298.9453125,1324291.5,0.0,3.843100070953369,1398594.375,-0.375,-0.0,0
0.0,0.0,484163.625,914428.75,0.3747999966144562,1398592.75,0.0,74298.9453125,1324291.5,0.0,2.6461000442504883,1398593.125,-0.375,-0.0,0
0.0,0.0,484163.8125,914428.75,31.796600341796875,1398624.25,0.0,74298.9453125,1324291.75,0.0,34.067901611328125,1398624.875,-0.625,-0.0,0
0.0,0.0,484163.71875,914428.75,1.2049000263214111,1398593.75,0.0,74298.9453125,1324291.5,0.0,3.4814000129699707,1398594.0,-0.25,-0.0,0
0.0,0.0,484163.8125,914428.75,0.0,1398592.5,0.0,74298.9375,1324291.5,0.0,2.271199941635132,1398592.75,-0.25,-0.0,0
0.0,0.0,484163.90625,914428.75,0.0,1398592.625,0.0,74298.9375,1324291.625,0.0,2.271199941635132,1398592.75,-0.125,-0.0,0
0.0,0.0,484163.9375,914428.75,0.0,1398592.75,0.0,74298.9375,1324291.875,0.0,2.271199941635132,1398593.0,-0.25,-0.0,0
0.0,0.0,484164.0,914428.75,0.0,1398592.75,0.0,74298.9375,1324291.875,0.0,2.271199941635132,1398593.0,-0.25,-0.0,0
0.0,0.0,484164.125,914428.75,0.0,1398592.875,0.0,74298.9375,1324292.0,0.0,2.271199941635132,1398593.25,-0.375,-0.0,0
0.0,0.0,484164.28125,914428.75,0.0,1398593.0,0.0,74298.9375,1324292.0,0.0,2.271199941635132,1398593.25,-0.25,-0.0,0
0.0,0.0,484163.96875,914428.75,0.0,1398592.75,0.0,74298.9296875,1324291.875,0.0,2.271199941635132,1398593.0,-0.25,-0.0,0
0.0,0.0,484164.1875,914428.75,0.0,1398593.0,0.0,74298.9375,1324292.125,0.0,2.271199941635132,1398593.25,-0.25,-0.0,0
0.0,0.0,484164.21875,914428.75,0.0,1398593.0,0.0,74298.9375,1324292.125,0.0,2.271199941635132,1398593.25,-0.25,-0.0,0
0.0,0.0,484164.28125,914428.75,0.0,1398593.0,0.0,74298.9375,1324292.125,0.0,2.271199941635132,1398593.25,-0.25,-0.0,0
0.0,0.0,484163.8125,914428.75,0.0,1398592.5,0.0,74298.9453125,1324291.625,0.0,2.271199941635132,1398592.875,-0.375,-0.0,0
0.0,0.0,484163.875,914428.75,0.0,1398592.625,0.0,74298.9453125,1324291.5,0.0,2.271199941635132,1398592.75,-0.125,-0.0,0
0.0,0.0,484163.84375,914428.75,0.0,1398592.625,0.0,74298.9453125,1324291.625,0.0,2.271199941635132,1398592.875,-0.25,-0.0,0
0.0,0.0,484163.8125,914428.75,0.0,1398592.5,0.0,74298.9453125,1324291.5,0.0,2.271199941635132,1398592.75,-0.25,-0.0,0
0.0,0.0,484163.78125,914428.75,1.268399953842163,1398593.75,0.0,74298.9453125,1324291.625,0.0,3.5397000312805176,1398594.125,-0.375,-0.0,0
0.0,0.0,484163.78125,914428.75,0.0,1398592.5,0.0,74298.9453125,1324291.5,0.0,2.2713000774383545,1398592.75,-0.25,-0.0,0
0.0,0.0,484163.75,914428.75,0.0,1398592.5,0.0,74298.9453125,1324291.5,0.0,2.271199941635132,1398592.75,-0.25,-0.0,0
0.0,0.0,484164.90625,914428.75,28.217100143432617,1398621.875,0.0,74298.828125,1324293.0,0.0,30.488300323486328,1398622.375,-0.5,-0.0,0
0.0,0.0,484163.71875,914428.75,0.0,1398592.5,0.0,74298.9453125,1324291.5,0.0,2.271199941635132,1398592.75,-0.25,-0.0,0
0.0,0.0,484163.9375,914428.75,20.886699676513672,1398613.625,0.0,74298.9453125,1324291.75,0.0,23.15920066833496,1398613.875,-0.25,-0.0,0
0.0,0.0,484163.6875,914428.75,0.0,1398592.5,0.0,74298.9453125,1324291.5,0.0,2.271199941635132,1398592.75,-0.25,-0.0,0
0.0,0.0,484163.78125,914428.75,3.346100091934204,1398595.875,0.0,74298.9453125,1324291.375,0.0,5.617800235748291,1398596.0,-0.125,-0.0,0
0.0,0.0,484163.75,914428.75,0.0,1398592.5,0.0,74298.9453125,1324291.375,0.0,2.271199941635132,1398592.625,-0.125,-0.0,0
0.0,0.0,484163.71875,914428.75,0.0,1398592.5,0.0,74298.9453125,1324291.5,0.0,2.271199941635132,1398592.75,-0.25,-0.0,0
0.0,0.0,484163.71875,914428.75,0.0,1398592.5,0.0,74298.9453125,1324291.5,0.0,2.274899959564209,1398592.75,-0.25,-0.0,0
0.0,0.0,484163.71875,914428.75,0.011076999828219414,1398592.5,0.0,74298.9453125,1324291.5,0.0,2.2827999591827393,1398592.75,-0.25,-0.0,0
0.0,0.0,484163.6875,914428.75,6.342100143432617,1398598.875,0.0,74298.9453125,1324291.5,0.0,8.613800048828125,1398599.125,-0.25,-0.0,0
0.0,0.0,484163.9375,914428.75,31.897899627685547,1398624.625,0.0,74298.9375,1324291.875,0.0,34.16939926147461,1398624.875,-0.25,-0.0,0
0.0,0.0,484164.21875,914428.75,0.0,1398593.0,0.0,74298.875,1324292.125,0.0,2.271199941635132,1398593.25,-0.25,-0.0,0
0.0,0.0,484163.8125,914428.75,3.4231998920440674,1398595.875,0.0,74298.9453125,1324291.5,0.0,5.694399833679199,1398596.25,-0.375,-0.0,0
0.0,0.0,484163.8125,914428.75,0.0,1398592.5,0.0,74298.9375,1324291.75,0.0,2.271199941635132,1398593.0,-0.5,-0.0,0
0.0,0.0,484163.90625,914428.75,0.0,1398592.625,0.0,74298.9375,1324291.625,0.0,2.271199941635132,1398592.75,-0.125,-0.0,0
0.0,0.0,484163.96875,914428.75,0.0,1398592.75,0.0,74298.9453125,1324291.75,0.0,2.271199941635132,1398593.0,-0.25,-0.0,0
0.0,0.0,484164.0,914428.75,0.0,1398592.75,0.0,74298.9453125,1324291.75,0.0,2.271199941635132,1398593.0,-0.25,-0.0,0
0.0,0.0,484164.03125,914428.75,0.0,1398592.75,0.0,74298.9453125,1324291.75,0.0,2.271199941635132,1398593.0,-0.25,-0.0,0
0.0,0.0,484164.09375,914428.75,0.0,1398592.875,0.0,74298.9375,1324292.0,0.0,2.271199941635132,1398593.25,-0.375,-0.0,0
0.0,0.0,484164.25,914428.75,10.270500183105469,1398603.25,0.0,74298.9375,1324292.125,0.0,12.557100296020508,1398603.5,-0.25,-0.0,0
0.0,0.0,484164.25,914428.75,0.0,1398593.0,0.0,74298.9453125,1324292.125,0.0,2.271199941635132,1398593.375,-0.375,-0.0,0
0.0,0.0,484163.78125,914428.75,0.0,1398592.5,0.0,74298.9453125,1324291.625,0.0,2.271199941635132,1398592.875,-0.375,-0.0,0
0.0,0.0,484164.3125,914428.75,0.0,1398593.0,0.0,74298.8203125,1324292.375,0.0,2.271199941635132,1398593.5,-0.5,-0.0,0
0.0,0.0,484163.84375,914428.75,0.0,1398592.625,0.0,74298.9453125,1324291.625,0.0,2.271199941635132,1398592.875,-0.25,-0.0,0
0.0,0.0,484164.0,914428.75,0.6503000259399414,1398593.375,0.0,74298.9453125,1324291.625,0.0,2.9214999675750732,1398593.5,-0.125,-0.0,0
0.0,0.0,484163.84375,914428.75,4.06279993057251,1398596.75,0.0,74298.9453125,1324291.625,0.0,6.334099769592285,1398597.0,-0.25,-0.0,0
0.0,0.0,484163.78125,914428.75,0.0,1398592.5,0.0,74298.9453125,1324291.625,0.0,2.271199941635132,1398592.875,-0.375,-0.0,0
0.0,0.0,484163.8125,914428.75,0.0,1398592.5,0.0,74298.9453125,1324291.375,0.0,2.2713000774383545,1398592.625,-0.125,-0.0,0
0.0,0.0,484163.8125,914428.75,14.448599815368652,1398607.0,0.0,74298.9453125,1324291.375,0.0,16.71980094909668,1398607.125,-0.125,-0.0,0
0.0,0.0,484163.71875,914428.75,0.0,1398592.5,0.0,74298.9453125,1324291.5,0.0,2.2713000774383545,1398592.75,-0.25,-0.0,0
0.0,0.0,484163.875,914428.75,10.020700454711914,1398602.625,0.0,74298.9453125,1324291.5,0.0,12.291999816894531,1398602.75,-0.125,-0.0,0
0.0,0.0,484163.78125,914428.75,0.0,1398592.5,0.0,74298.9453125,1324291.625,0.0,2.271199941635132,1398592.875,-0.375,-0.0,0
0.0,0.0,484163.8125,914428.75,7.430699825286865,1398599.875,0.0,74298.9453125,1324291.625,0.0,9.70199966430664,1398600.375,-0.5,-0.0,0
0.0,0.0,484164.5625,914428.75,0.0,1398593.25,0.0,74298.8125,1324292.625,0.0,2.271199941635132,1398593.75,-0.5,-0.0,0
0.0,0.0,484163.8125,914428.75,0.0,1398592.5,0.0,74298.9453125,1324291.625,0.0,2.271199941635132,1398592.875,-0.375,-0.0,0
0.0,0.0,484163.8125,914428.75,0.0,1398592.5,0.0,74298.9453125,1324291.625,0.0,2.271199941635132,1398592.875,-0.375,-0.0,0
0.0,0.0,484163.84375,914428.75,1.9474999904632568,1398594.625,0.0,74298.9453125,1324291.375,0.0,4.25570011138916,1398594.625,0.0,0.0,0
0.0,0.0,484163.75,914428.75,4.89169979095459,1398597.375,0.0,74298.9453125,1324291.5,0.0,7.16510009765625,1398597.625,-0.25,-0.0,0
0.0,0.0,484163.65625,914428.75,0.0,1398592.375,0.0,74298.9453125,1324291.5,0.0,2.2715001106262207,1398592.75,-0.375,-0.0,0
0.0,0.0,484163.625,914428.75,1.9763000011444092,1398594.375,0.0,74298.9453125,1324291.5,0.0,4.247700214385986,1398594.75,-0.375,-0.0,0
0.0,0.0,484163.71875,914428.75,0.0,1398592.5,0.0,74298.9453125,1324291.5,0.0,2.271199941635132,1398592.75,-0.25,-0.0,0
0.0,0.0,484163.75,914428.75,0.0,1398592.5,0.0,74298.9453125,1324291.625,0.0,2.271199941635132,1398592.875,-0.375,-0.0,0
0.0,0.0,484163.8125,914428.75,0.0,1398592.5,0.0,74298.9453125,1324291.5,0.0,2.271199941635132,1398592.75,-0.25,-0.0,0
0.0,0.0,484163.78125,914428.75,0.0,1398592.5,0.0,74298.9453125,1324291.625,0.0,2.271199941635132,1398592.875,-0.375,-0.0,0
0.0,0.0,484164.4375,914428.75,0.0,1398593.25,0.0,74298.9375,1324292.375,0.0,2.271199941635132,1398593.5,-0.25,-0.0,0
0.0,0.0,484163.8125,914428.75,0.0,1398592.5,0.0,74298.9453125,1324291.5,0.0,2.271199941635132,1398592.75,-0.25,-0.0,0
0.0,0.0,484163.875,914428.75,0.0,1398592.625,0.0,74298.9453125,1324291.625,0.0,2.271199941635132,1398592.875,-0.25,-0.0,0
0.0,0.0,484164.0,914428.75,0.0,1398592.75,0.0,74298.9453125,1324291.75,0.0,2.271199941635132,1398593.0,-0.25,-0.0,0
0.0,0.0,484164.0625,914428.75,1.2281999588012695,1398594.0,0.0,74298.9453125,1324291.875,0.0,3.52239990234375,1398594.375,-0.375,-0.0,0
0.0,0.0,484164.15625,914428.75,0.0,1398592.875,0.0,74298.9453125,1324292.0,0.0,2.271199941635132,1398593.25,-0.375,-0.0,0
0.0,0.0,484164.21875,914428.75,0.0,1398593.0,0.0,74298.9453125,1324292.125,0.0,2.271199941635132,1398593.375,-0.375,-0.0,0
0.0,0.0,484164.28125,914428.75,0.0,1398593.0,0.0,74298.9453125,1324292.125,0.0,2.271199941635132,1398593.375,-0.375,-0.0,0
0.0,0.0,484164.3125,914428.75,0.0,1398593.0,0.0,74298.9453125,1324292.25,0.0,2.271199941635132,1398593.5,-0.5,-0.0,0
0.0,0.0,484163.84375,914428.75,0.0,1398592.625,0.0,74298.9453125,1324291.5,0.0,2.271199941635132,1398592.75,-0.125,-0.0,0
0.0,0.0,484163.8125,914428.75,0.0,1398592.5,0.0,74298.9453125,1324291.625,0.0,2.2713000774383545,1398592.875,-0.375,-0.0,0
0.0,0.0,484164.1875,914428.75,0.0,1398593.0,0.0,74298.9375,1324292.125,0.0,2.271199941635132,1398593.25,-0.25,-0.0,0
0.0,0.0,484163.8125,914428.75,2.2346999645233154,1398594.75,0.0,74298.9453125,1324291.5,0.0,4.571800231933594,1398595.125,-0.375,-0.0,0
0.0,0.0,484163.78125,914428.75,0.0,1398592.5,0.0,74298.9453125,1324291.625,0.0,2.271199941635132,1398592.875,-0.375,-0.0,0
0.0,0.0,484163.78125,914428.75,0.0,1398592.5,0.0,74298.9453125,1324291.625,0.0,2.271199941635132,1398592.875,-0.375,-0.0,0
0.0,0.0,484163.75,914428.75,0.0,1398592.5,0.0,74298.9453125,1324291.625,0.0,2.2713000774383545,1398592.875,-0.375,-0.0,0
0.0,0.0,484163.75,914428.75,0.0,1398592.5,0.0,74298.9453125,1324291.5,0.0,2.271199941635132,1398592.75,-0.25,-0.0,0
0.0,0.0,484163.78125,914428.75,0.0,1398592.5,0.0,74298.9453125,1324291.5,0.0,2.271199941635132,1398592.75,-0.25,-0.0,0
0.0,0.0,484163.90625,914428.75,0.0,1398592.625,0.0,74298.9453125,1324291.5,0.0,2.271199941635132,1398592.75,-0.125,-0.0,0
0.0,0.0,484163.9375,914428.75,0.0,1398592.75,0.0,74298.9453125,1324291.75,0.0,2.271199941635132,1398593.0,-0.25,-0.0,0
0.0,0.0,484163.96875,914428.75,0.0,1398592.75,0.0,74298.9453125,1324291.75,0.0,2.271199941635132,1398593.0,-0.25,-0.0,0
0.0,0.0,484163.9375,914428.75,2.4426000118255615,1398595.25,0.0,74298.9453125,1324291.75,0.0,4.7153000831604,1398595.5,-0.25,-0.0,0
0.0,0.0,484164.625,914428.75,22.401599884033203,1398615.75,0.0,74298.9296875,1324292.5,0.0,24.67300033569336,1398616.0,-0.25,-0.0,0
0.0,0.0,484163.875,914428.75,0.0,1398592.625,0.0,74298.9453125,1324291.75,0.0,2.271199941635132,1398593.0,-0.375,-0.0,0
0.0,0.0,484163.875,914428.75,0.0,1398592.625,0.0,74298.9453125,1324291.5,0.0,2.271199941635132,1398592.75,-0.125,-0.0,0
0.0,0.0,484163.84375,914428.75,9.767200469970703,1398602.375,0.0,74298.9453125,1324291.5,0.0,12.038399696350098,1398602.5,-0.125,-0.0,0
0.0,0.0,484163.71875,914428.75,9.871800422668457,1398602.375,0.0,74298.9453125,1324291.375,0.0,12.143099784851074,1398602.5,-0.125,-0.0,0
0.0,0.0,484163.6875,914428.75,0.9793000221252441,1398593.5,0.0,74298.9453125,1324291.375,0.0,3.2506000995635986,1398593.625,-0.125,-0.0,0
0.0,0.0,484163.71875,914428.75,0.0,1398592.5,0.0,74298.9453125,1324291.5,0.0,2.271199941635132,1398592.75,-0.25,-0.0,0
0.0,0.0,484163.71875,914428.75,0.0,1398592.5,0.0,74298.9453125,1324291.625,0.0,2.271199941635132,1398592.875,-0.375,-0.0,0
0.0,0.0,484163.71875,914428.75,0.0,1398592.5,0.0,74298.9453125,1324291.625,0.0,2.271199941635132,1398592.875,-0.375,-0.0,0
0.0,0.0,484163.71875,914428.75,0.0,1398592.5,0.0,74298.9453125,1324291.625,0.0,2.271199941635132,1398592.875,-0.375,-0.0,0
0.0,0.0,484163.75,914428.75,0.0,1398592.5,0.0,74298.9453125,1324291.625,0.0,2.271199941635132,1398592.875,-0.375,-0.0,0
0.0,0.0,484163.6875,914428.75,0.0,1398592.5,0.0,74298.375,1324292.125,0.0,2.271199941635132,1398592.75,-0.25,-0.0,0
0.0,0.0,484163.75,914428.75,0.0,1398592.5,0.0,74298.9375,1324291.625,0.0,2.271199941635132,1398592.75,-0.25,-0.0,0
0.0,0.0,484164.4375,914428.75,35.53499984741211,1398628.75,0.0,74298.9375,1324292.375,0.0,37.80889892578125,1398629.0,-0.25,-0.0,0
0.0,0.0,484163.9375,914428.75,1.1186000108718872,1398593.875,0.0,74298.9453125,1324291.75,0.0,3.397700071334839,1398594.125,-0.25,-0.0,0
0.0,0.0,484164.09375,914428.75,0.0,1398592.875,0.0,74298.9453125,1324291.875,0.0,2.271199941635132,1398593.125,-0.25,-0.0,0
0.0,0.0,484164.15625,914428.75,2.7058000564575195,1398595.625,0.0,74298.9453125,1324292.0,0.0,4.9770002365112305,1398596.0,-0.375,-0.0,0
0.0,0.0,484164.25,914428.75,0.0,1398593.0,0.0,74298.9453125,1324292.125,0.0,2.271199941635132,1398593.375,-0.375,-0.0,0
0.0,0.0,484164.25,914428.75,0.0,1398593.0,0.0,74298.9453125,1324292.125,0.0,2.271199941635132,1398593.375,-0.375,-0.0,0
0.0,0.0,484163.78125,914428.75,0.0,1398592.5,0.0,74298.9453125,1324291.625,0.0,2.2713000774383545,1398592.875,-0.375,-0.0,0
0.0,0.0,484163.78125,914428.75,0.0,1398592.5,0.0,74298.9453125,1324291.625,0.0,2.2713000774383545,1398592.875,-0.375,-0.0,0
0.0,0.0,484163.8125,914428.75,0.0,1398592.5,0.0,74298.9453125,1324291.625,0.0,2.271199941635132,1398592.875,-0.375,-0.0,0
0.0,0.0,484163.8125,914428.75,0.0,1398592.5,0.0,74298.9453125,1324291.625,0.0,2.271199941635132,1398592.875,-0.375,-0.0,0
0.0,0.0,484164.09375,914428.75,0.0,1398592.875,0.0,74298.8828125,1324292.0,0.0,2.271199941635132,1398593.125,-0.25,-0.0,0
0.0,0.0,484163.8125,914428.75,0.0,1398592.5,0.0,74298.9453125,1324291.625,0.0,2.271199941635132,1398592.875,-0.375,-0.0,0
0.0,0.0,484163.96875,914428.75,18.563800811767578,1398611.375,0.0,74298.9453125,1324291.5,0.0,20.874399185180664,1398611.375,0.0,0.0,0
0.0,0.0,484164.21875,914428.75,22.534400939941406,1398615.5,0.0,74298.9453125,1324292.0,0.0,24.805700302124023,1398615.75,-0.25,-0.0,0
0.0,0.0,484164.0,914428.75,0.0,1398592.75,0.0,74298.9453125,1324291.625,0.0,2.271199941635132,1398592.875,-0.125,-0.0,0
0.0,0.0,484164.125,914428.75,0.0,1398592.875,0.0,74298.9453125,1324292.0,0.0,2.271199941635132,1398593.25,-0.375,-0.0,0
0.0,0.0,484164.125,914428.75,0.0,1398592.875,0.0,74298.9453125,1324292.0,0.0,2.271199941635132,1398593.25,-0.375,-0.0,0
0.0,0.0,484164.0,914428.75,0.0,1398592.75,0.0,74298.9453125,1324291.875,0.0,2.271199941635132,1398593.125,-0.375,-0.0,0
0.0,0.0,484163.90625,914428.75,0.0,1398592.625,0.0,74298.9453125,1324291.75,0.0,2.271199941635132,1398593.0,-0.375,-0.0,0
0.0,0.0,484163.84375,914428.75,4.597099781036377,1398597.25,0.0,74298.9453125,1324291.625,0.0,6.868299961090088,1398597.5,-0.25,-0.0,0
0.0,0.0,484163.78125,914428.75,10.793100357055664,1398603.25,0.0,74298.9453125,1324291.375,0.0,13.08080005645752,1398603.5,-0.25,-0.0,0
0.0,0.0,484164.40625,914428.75,0.0,1398593.125,0.0,74298.8671875,1324292.375,0.0,2.271199941635132,1398593.5,-0.375,-0.0,0
0.0,0.0,484163.6875,914428.75,5.4618000984191895,1398598.0,0.0,74298.9453125,1324291.375,0.0,7.733799934387207,1398598.125,-0.125,-0.0,0
0.0,0.0,484163.625,914428.75,0.10339999943971634,1398592.5,0.0,74298.9453125,1324291.5,0.0,2.3752999305725098,1398592.875,-0.375,-0.0,0
0.0,0.0,484163.65625,914428.75,0.0,1398592.375,0.0,74298.9453125,1324291.5,0.0,2.271199941635132,1398592.75,-0.375,-0.0,0
0.0,0.0,484163.6875,914428.75,0.0,1398592.5,0.0,74298.9453125,1324291.5,0.0,2.271199941635132,1398592.75,-0.25,-0.0,0
0.0,0.0,484163.96875,914428.75,23.613300323486328,1398616.375,0.0,74298.9453125,1324291.875,0.0,25.88559913635254,1398616.75,-0.375,-0.0,0
0.0,0.0,484163.8125,914428.75,0.0,1398592.5,0.0,74298.9453125,1324291.75,0.0,2.271199941635132,1398593.0,-0.5,-0.0,0
0.0,0.0,484163.84375,914428.75,0.0,1398592.625,0.0,74298.9453125,1324291.75,0.0,2.271199941635132,1398593.0,-0.375,-0.0,0
0.0,0.0,484164.375,914428.75,29.40180015563965,1398622.5,0.0,74298.9453125,1324292.125,0.0,31.678300857543945,1398622.75,-0.25,-0.0,0
0.0,0.0,484164.0,914428.75,0.0,1398592.75,0.0,74298.9453125,1324291.75,0.0,2.271199941635132,1398593.0,-0.25,-0.0,0
0.0,0.0,484164.15625,914428.75,0.0,1398592.875,0.0,74298.9453125,1324291.875,0.0,2.271199941635132,1398593.125,-0.25,-0.0,0
0.0,0.0,484164.375,914428.75,0.0,1398593.125,0.0,74298.9375,1324292.125,0.0,2.319200038909912,1398593.375,-0.25,-0.0,0
0.0,0.0,484164.28125,914428.75,0.0,1398593.0,0.0,74298.9453125,1324292.0,0.0,2.271199941635132,1398593.25,-0.25,-0.0,0
0.0,0.0,484164.3125,914428.75,4.8856000900268555,1398597.875,0.0,74298.9453125,1324292.0,0.0,7.156799793243408,1398598.125,-0.25,-0.0,0
0.0,0.0,484164.21875,914428.75,0.0,1398593.0,0.0,74298.9453125,1324292.0,0.0,2.271199941635132,1398593.25,-0.25,-0.0,0
0.0,0.0,484163.8125,914428.75,0.0,1398592.5,0.0,74298.9453125,1324291.625,0.0,2.271199941635132,1398592.875,-0.375,-0.0,0
0.0,0.0,484163.84375,914428.75,0.0,1398592.625,0.0,74298.9453125,1324291.75,0.0,2.271199941635132,1398593.0,-0.375,-0.0,0
0.0,0.0,484163.875,914428.75,0.0,1398592.625,0.0,74298.9453125,1324291.75,0.0,2.271199941635132,1398593.0,-0.375,-0.0,0
0.0,0.0,484163.875,914428.75,3.5011000633239746,1398596.125,0.0,74298.9453125,1324291.75,0.0,5.773200035095215,1398596.5,-0.375,-0.0,0
0.0,0.0,484163.84375,914428.75,0.0,1398592.625,0.0,74298.9453125,1324291.75,0.0,2.271199941635132,1398593.0,-0.375,-0.0,0
0.0,0.0,484165.5,914428.75,48.76350021362305,1398643.0,0.0,74298.9453125,1324293.375,0.0,51.0349006652832,1398643.375,-0.375,-0.0,0
0.0,0.0,484164.0,914428.75,0.0,1398592.75,0.0,74298.9453125,1324291.875,0.0,2.271199941635132,1398593.125,-0.375,-0.0,0
0.0,0.0,484165.25,914428.75,5.49429988861084,1398599.5,0.0,74298.9453125,1324293.125,0.0,7.766499996185303,1398599.875,-0.375,-0.0,0
0.0,0.0,484164.1875,914428.75,0.0,1398593.0,0.0,74298.9453125,1324292.0,0.0,2.271199941635132,1398593.25,-0.25,-0.0,0
0.0,0.0,484164.28125,914428.75,0.0,1398593.0,0.0,74298.9453125,1324292.125,0.0,2.271199941635132,1398593.375,-0.375,-0.0,0
0.0,0.0,484164.15625,914428.75,0.0,1398592.875,0.0,74298.9453125,1324292.0,0.0,2.271199941635132,1398593.25,-0.375,-0.0,0
0.0,0.0,484164.0625,914428.75,0.0,1398592.75,0.0,74298.9453125,1324291.875,0.0,2.271199941635132,1398593.125,-0.375,-0.0,0
0.0,0.0,484164.0,914428.75,0.0,1398592.75,0.0,74298.9453125,1324291.875,0.0,2.271199941635132,1398593.125,-0.375,-0.0,0
0.0,0.0,484163.875,914428.75,0.0,1398592.625,0.0,74298.9453125,1324291.75,0.0,2.271199941635132,1398593.0,-0.375,-0.0,0
0.0,0.0,484163.8125,914428.75,0.0,1398592.5,0.0,74298.9453125,1324291.5,0.0,2.2713000774383545,1398592.75,-0.25,-0.0,0
0.0,0.0,484163.71875,914428.75,0.42750000953674316,1398592.875,0.0,74298.9453125,1324291.375,0.0,2.699399948120117,1398593.125,-0.25,-0.0,0
0.0,0.0,484163.65625,914428.75,0.7904999852180481,1398593.125,0.0,74298.9453125,1324291.375,0.0,3.061800003051758,1398593.375,-0.25,-0.0,0
0.0,0.0,484163.6875,914428.75,14.317099571228027,1398606.875,0.0,74298.9453125,1324291.5,0.0,16.588300704956055,1398607.125,-0.25,-0.0,0
0.0,0.0,484163.90625,914428.75,0.0,1398592.625,0.0,74298.9453125,1324291.75,0.0,2.271199941635132,1398593.0,-0.375,-0.0,0
0.0,0.0,484163.75,914428.75,30.56329917907715,1398623.125,0.0,74298.9453125,1324291.625,0.0,32.834800720214844,1398623.5,-0.375,-0.0,0
0.0,0.0,484163.96875,914428.75,0.0,1398592.75,0.0,74298.9453125,1324291.875,0.0,2.271199941635132,1398593.125,-0.375,-0.0,0
0.0,0.0,484164.0,914428.75,0.0,1398592.75,0.0,74298.9453125,1324291.75,0.0,2.271199941635132,1398593.0,-0.25,-0.0,0
0.0,0.0,484163.96875,914428.75,0.0,1398592.75,0.0,74298.9453125,1324291.75,0.0,2.271199941635132,1398593.0,-0.25,-0.0,0
0.0,0.0,484168.40625,914428.75,73.2394027709961,1398670.375,0.0,74298.9375,1324296.125,0.0,75.5105972290039,1398670.5,-0.125,-0.0,0
0.0,0.0,484164.09375,914428.75,0.0,1398592.875,0.0,74298.9453125,1324291.875,0.0,2.271199941635132,1398593.125,-0.25,-0.0,0
0.0,0.0,484174.46875,914428.75,34.68600082397461,1398637.875,0.0,74298.9453125,1324302.25,0.0,36.95719909667969,1398638.25,-0.375,-0.0,0
0.0,0.0,484164.1875,914428.75,0.0,1398593.0,0.0,74298.9453125,1324292.125,0.0,2.271199941635132,1398593.375,-0.375,-0.0,0
0.0,0.0,484164.125,914428.75,0.0,1398592.875,0.0,74298.9453125,1324292.0,0.0,2.271199941635132,1398593.25,-0.375,-0.0,0
0.0,0.0,484164.125,914428.75,0.0,1398592.875,0.0,74298.9453125,1324292.0,0.0,2.271199941635132,1398593.25,-0.375,-0.0,0
0.0,0.0,484163.75,914428.75,0.0,1398592.5,0.0,74298.9375,1324291.625,0.0,2.2713000774383545,1398592.75,-0.25,-0.0,0
0.0,0.0,484163.90625,914428.75,0.0,1398592.625,0.0,74298.9453125,1324291.625,0.0,2.271199941635132,1398592.875,-0.25,-0.0,0
0.0,0.0,484163.96875,914428.75,0.0,1398592.75,0.0,74298.9453125,1324291.75,0.0,2.2713000774383545,1398593.0,-0.25,-0.0,0
0.0,0.0,484163.96875,914428.75,0.0,1398592.75,0.0,74298.9453125,1324291.625,0.0,2.271199941635132,1398592.875,-0.125,-0.0,0
0.0,0.0,484163.9375,914428.75,0.0,1398592.75,0.0,74298.9453125,1324291.625,0.0,2.271199941635132,1398592.875,-0.125,-0.0,0
0.0,0.0,484164.625,914428.75,37.05179977416992,1398630.375,0.0,74298.9453125,1324292.5,0.0,39.323001861572266,1398630.875,-0.5,-0.0,0
0.0,0.0,484168.46875,914428.75,15.49489974975586,1398612.75,0.0,74298.9453125,1324296.375,0.0,17.76650047302246,1398613.125,-0.375,-0.0,0
0.0,0.0,484164.21875,914428.75,0.0,1398593.0,0.0,74298.9453125,1324292.0,0.0,2.2713000774383545,1398593.25,-0.25,-0.0,0
0.0,0.0,484164.21875,914428.75,0.0,1398593.0,0.0,74298.9453125,1324292.125,0.0,2.271199941635132,1398593.375,-0.375,-0.0,0
0.0,0.0,484164.1875,914428.75,0.0,1398593.0,0.0,74298.9453125,1324292.0,0.0,2.271199941635132,1398593.25,-0.25,-0.0,0
0.0,0.0,484164.125,914428.75,0.0,1398592.875,0.0,74298.9453125,1324292.0,0.0,2.271199941635132,1398593.25,-0.375,-0.0,0
0.0,0.0,484163.78125,914428.75,9.379400253295898,1398601.875,0.0,74298.921875,1324291.75,0.0,11.650899887084961,1398602.25,-0.375,-0.0,0
0.0,0.0,484163.96875,914428.75,0.0,1398592.75,0.0,74298.9453125,1324291.75,0.0,2.271199941635132,1398593.0,-0.25,-0.0,0
0.0,0.0,484163.78125,914428.75,0.0,1398592.5,0.0,74298.9453125,1324291.625,0.0,2.271199941635132,1398592.875,-0.375,-0.0,0
0.0,0.0,484163.75,914428.75,12.155799865722656,1398604.625,0.0,74298.9453125,1324291.375,0.0,14.427200317382812,1398604.75,-0.125,-0.0,0
0.0,0.0,484163.71875,914428.75,16.565399169921875,1398609.125,0.0,74298.9453125,1324291.375,0.0,18.836999893188477,1398609.25,-0.125,-0.0,0
0.0,0.0,484163.8125,914428.75,26.137100219726562,1398618.625,0.0,74298.9453125,1324291.375,0.0,28.408300399780273,1398618.75,-0.125,-0.0,0
0.0,0.0,484163.78125,914428.75,0.0,1398592.5,0.0,74298.9453125,1324291.5,0.0,2.271199941635132,1398592.75,-0.25,-0.0,0
0.0,0.0,484163.9375,914428.75,0.0,1398592.75,0.0,74298.9453125,1324291.875,0.0,2.271199941635132,1398593.125,-0.375,-0.0,0
0.0,0.0,484164.3125,914428.75,0.0,1398593.0,0.0,74298.9453125,1324292.0,0.0,2.271199941635132,1398593.25,-0.25,-0.0,0
0.0,0.0,484164.15625,914428.75,0.0,1398592.875,0.0,74298.9453125,1324291.875,0.0,2.271199941635132,1398593.125,-0.25,-0.0,0
0.0,0.0,484164.03125,914428.75,0.0,1398592.75,0.0,74298.9453125,1324291.875,0.0,2.271199941635132,1398593.125,-0.375,-0.0,0
0.0,0.0,484163.84375,914428.75,0.0,1398592.625,0.0,74298.921875,1324291.75,0.0,2.271199941635132,1398592.875,-0.25,-0.0,0
0.0,0.0,484164.09375,914428.75,0.0,1398592.875,0.0,74298.9453125,1324291.875,0.0,2.271199941635132,1398593.125,-0.25,-0.0,0
0.0,0.0,484165.09375,914428.75,40.99100112915039,1398634.875,0.0,74298.9453125,1324292.75,0.0,43.262901306152344,1398635.0,-0.125,-0.0,0
0.0,0.0,484164.03125,914428.75,0.0,1398592.75,0.0,74298.9453125,1324291.75,0.0,2.271199941635132,1398593.0,-0.25,-0.0,0
0.0,0.0,484164.0625,914428.75,0.0,1398592.75,0.0,74298.9453125,1324291.75,0.0,2.271199941635132,1398593.0,-0.25,-0.0,0
0.0,0.0,484164.0625,914428.75,0.0,1398592.75,0.0,74298.9453125,1324291.875,0.0,2.271199941635132,1398593.125,-0.375,-0.0,0
0.0,0.0,484164.09375,914428.75,0.0,1398592.875,0.0,74298.9453125,1324292.0,0.0,2.271199941635132,1398593.25,-0.375,-0.0,0
0.0,0.0,484164.1875,914428.75,0.0,1398593.0,0.0,74298.9453125,1324292.125,0.0,2.271199941635132,1398593.375,-0.375,-0.0,0
0.0,0.0,484164.25,914428.75,0.0,1398593.0,0.0,74298.9453125,1324292.125,0.0,2.271199941635132,1398593.375,-0.375,-0.0,0
0.0,0.0,484164.09375,914428.75,0.0,1398592.875,0.0,74298.9453125,1324291.875,0.0,2.2713000774383545,1398593.125,-0.25,-0.0,0
0.0,0.0,484164.1875,914428.75,13.794899940490723,1398606.75,0.0,74298.9453125,1324291.875,0.0,16.066200256347656,1398607.0,-0.25,-0.0,0
0.0,0.0,484164.21875,914428.75,0.0,1398593.0,0.0,74298.90625,1324292.0,0.0,2.271199941635132,1398593.125,-0.125,-0.0,0
0.0,0.0,484164.0625,914428.75,0.0,1398592.75,0.0,74298.9453125,1324291.75,0.0,2.2713000774383545,1398593.0,-0.25,-0.0,0
0.0,0.0,484167.28125,914428.75,41.59189987182617,1398637.625,0.0,74298.9453125,1324295.0,0.0,43.86349868774414,1398637.875,-0.25,-0.0,0
0.0,0.0,484164.15625,914428.75,0.0,1398592.875,0.0,74298.9453125,1324291.875,0.0,2.271199941635132,1398593.125,-0.25,-0.0,0
0.0,0.0,484164.25,914428.75,0.0,1398593.0,0.0,74298.9453125,1324292.0,0.0,2.271199941635132,1398593.25,-0.25,-0.0,0
0.0,0.0,484164.28125,914428.75,0.0,1398593.0,0.0,74298.9453125,1324292.0,0.0,2.271199941635132,1398593.25,-0.25,-0.0,0
0.0,0.0,484164.25,914428.75,0.0,1398593.0,0.0,74298.9453125,1324292.0,0.0,2.271199941635132,1398593.25,-0.25,-0.0,0
0.0,0.0,484164.21875,914428.75,0.0,1398593.0,0.0,74298.9453125,1324291.875,0.0,2.271199941635132,1398593.125,-0.125,-0.0,0
0.0,0.0,484164.125,914428.75,0.0,1398592.875,0.0,74298.9453125,1324291.875,0.0,2.271199941635132,1398593.125,-0.25,-0.0,0
0.0,0.0,484163.8125,914428.75,0.0,1398592.5,0.0,74298.9453125,1324291.5,0.0,2.271199941635132,1398592.75,-0.25,-0.0,0
0.0,0.0,484163.78125,914428.75,0.0,1398592.5,0.0,74298.9453125,1324291.375,0.0,2.271399974822998,1398592.625,-0.125,-0.0,0
0.0,0.0,484164.0625,914428.75,12.360300064086914,1398605.125,0.0,74298.6328125,1324292.25,0.0,14.631500244140625,1398605.5,-0.375,-0.0,0
0.0,0.0,484164.28125,914428.75,0.0,1398593.0,0.0,74298.9453125,1324292.125,0.0,2.271199941635132,1398593.375,-0.375,-0.0,0
0.0,0.0,484163.84375,914428.75,24.119300842285156,1398616.75,0.0,74298.9453125,1324291.625,0.0,26.390399932861328,1398617.0,-0.25,-0.0,0
0.0,0.0,484163.75,914428.75,8.425000190734863,1398600.875,0.0,74298.9453125,1324291.375,0.0,10.697799682617188,1398601.125,-0.25,-0.0,0
0.0,0.0,484163.84375,914428.75,18.156999588012695,1398610.75,0.0,74298.9453125,1324291.625,0.0,20.428300857543945,1398611.0,-0.25,-0.0,0
0.0,0.0,484163.90625,914428.75,0.0,1398592.625,0.0,74298.9453125,1324291.75,0.0,2.271199941635132,1398593.0,-0.375,-0.0,0
0.0,0.0,484164.125,914428.75,0.0,1398592.875,0.0,74298.9453125,1324291.875,0.0,2.271199941635132,1398593.125,-0.25,-0.0,0
0.0,0.0,484164.125,914428.75,0.0,1398592.875,0.0,74298.9453125,1324291.875,0.0,2.271199941635132,1398593.125,-0.25,-0.0,0
0.0,0.0,484164.03125,914428.75,0.0,1398592.75,0.0,74298.9453125,1324291.75,0.0,2.271199941635132,1398593.0,-0.25,-0.0,0
0.0,0.0,484164.0,914428.75,0.0,1398592.75,0.0,74298.9453125,1324291.75,0.0,2.271199941635132,1398593.0,-0.25,-0.0,0
0.0,0.0,484163.90625,914428.75,0.0,1398592.625,0.0,74298.9453125,1324291.625,0.0,2.271199941635132,1398592.875,-0.25,-0.0,0
0.0,0.0,484164.0625,914428.75,22.343700408935547,1398615.125,0.0,74298.9453125,1324292.0,0.0,24.61520004272461,1398615.625,-0.5,-0.0,0
0.0,0.0,484164.25,914428.75,0.0,1398593.0,0.0,74298.9453125,1324292.125,0.0,2.271199941635132,1398593.375,-0.375,-0.0,0
0.0,0.0,484165.53125,914428.75,37.24300003051758,1398631.5,0.0,74298.9453125,1324293.25,0.0,39.51559829711914,1398631.75,-0.25,-0.0,0
0.0,0.0,484164.375,914428.75,24.78700065612793,1398617.875,0.0,74298.9453125,1324292.125,0.0,27.058799743652344,1398618.125,-0.25,-0.0,0
0.0,0.0,484164.09375,914428.75,0.0,1398592.875,0.0,74298.9453125,1324291.875,0.0,2.271199941635132,1398593.125,-0.25,-0.0,0
0.0,0.0,484164.25,914428.75,0.0,1398593.0,0.0,74298.9453125,1324292.125,0.0,2.271199941635132,1398593.375,-0.375,-0.0,0
0.0,0.0,484164.40625,914428.75,0.0,1398593.125,0.0,74298.9453125,1324292.25,0.0,2.271199941635132,1398593.5,-0.375,-0.0,0
0.0,0.0,484164.5,914428.75,0.0,1398593.25,0.0,74298.9453125,1324292.375,0.0,2.271199941635132,1398593.625,-0.375,-0.0,0
0.0,0.0,484164.3125,914428.75,0.0,1398593.0,0.0,74298.9453125,1324292.125,0.0,2.271199941635132,1398593.375,-0.375,-0.0,0
0.0,0.0,484164.21875,914428.75,2.449700117111206,1398595.5,0.0,74298.9453125,1324292.0,0.0,4.729100227355957,1398595.75,-0.25,-0.0,0
0.0,0.0,484168.90625,914428.75,65.57489776611328,1398663.25,0.0,74298.9453125,1324296.625,0.0,67.84609985351562,1398663.5,-0.25,-0.0,0
0.0,0.0,484164.1875,914428.75,0.0,1398593.0,0.0,74298.9453125,1324292.125,0.0,2.271199941635132,1398593.375,-0.375,-0.0,0
0.0,0.0,484164.15625,914428.75,0.0,1398592.875,0.0,74298.9453125,1324291.875,0.0,2.271199941635132,1398593.125,-0.25,-0.0,0
0.0,0.0,484164.3125,914428.75,0.0,1398593.0,0.0,74298.9453125,1324292.0,0.0,2.271199941635132,1398593.25,-0.25,-0.0,0
0.0,0.0,484164.34375,914428.75,0.0,1398593.125,0.0,74298.9453125,1324292.0,0.0,2.271199941635132,1398593.25,-0.125,-0.0,0
0.0,0.0,484164.3125,914428.75,0.0,1398593.0,0.0,74298.9453125,1324292.0,0.0,2.271199941635132,1398593.25,-0.25,-0.0,0
0.0,0.0,484164.25,914428.75,0.0,1398593.0,0.0,74298.9453125,1324292.0,0.0,2.271199941635132,1398593.25,-0.25,-0.0,0
0.0,0.0,484164.15625,914428.75,0.0,1398592.875,0.0,74298.9453125,1324291.875,0.0,2.271199941635132,1398593.125,-0.25,-0.0,0
0.0,0.0,484168.09375,914428.75,78.67259979248047,1398675.5,0.0,74298.9453125,1324295.875,0.0,80.94390106201172,1398675.875,-0.375,-0.0,0
0.0,0.0,484163.8125,914428.75,0.0,1398592.5,0.0,74298.9453125,1324291.75,0.0,2.2709999084472656,1398593.0,-0.5,-0.0,0
0.0,0.0,484163.84375,914428.75,0.0,1398592.625,0.0,74298.9453125,1324291.5,0.0,2.271199941635132,1398592.75,-0.125,-0.0,0
0.0,0.0,484163.78125,914428.75,0.0,1398592.5,0.0,74298.9453125,1324291.625,0.0,2.2711000442504883,1398592.875,-0.375,-0.0,0
0.0,0.0,484163.75,914428.75,3.7434000968933105,1398596.25,0.0,74298.9453125,1324291.625,0.0,6.016300201416016,1398596.625,-0.375,-0.0,0
0.0,0.0,484163.9375,914428.75,0.0,1398592.75,0.0,74298.9453125,1324291.875,0.0,2.271199941635132,1398593.125,-0.375,-0.0,0
0.0,0.0,484163.6875,914428.75,0.8439000248908997,1398593.375,0.0,74298.9453125,1324291.625,0.0,3.1152000427246094,1398593.75,-0.375,-0.0,0
0.0,0.0,484163.78125,914428.75,0.0,1398592.5,0.0,74298.9453125,1324291.625,0.0,2.2711000442504883,1398592.875,-0.375,-0.0,0
0.0,0.0,484163.875,914428.75,0.0,1398592.625,0.0,74298.9453125,1324291.75,0.0,2.271199941635132,1398593.0,-0.375,-0.0,0
0.0,0.0,484163.96875,914428.75,0.0,1398592.75,0.0,74298.9453125,1324291.75,0.0,2.271199941635132,1398593.0,-0.25,-0.0,0
0.0,0.0,484163.96875,914428.75,0.0,1398592.75,0.0,74298.9453125,1324291.625,0.0,2.271199941635132,1398592.875,-0.125,-0.0,0
0.0,0.0,484163.9375,914428.75,0.0,1398592.75,0.0,74298.9453125,1324291.625,0.0,2.271199941635132,1398592.875,-0.125,-0.0,0
0.0,0.0,484163.875,914428.75,0.0,1398592.625,0.0,74298.9453125,1324291.75,0.0,2.271199941635132,1398593.0,-0.375,-0.0,0
0.0,0.0,484163.8125,914428.75,0.0,1398592.5,0.0,74298.9453125,1324291.625,0.0,2.271199941635132,1398592.875,-0.375,-0.0,0
0.0,0.0,484163.84375,914428.75,0.0,1398592.625,0.0,74298.9453125,1324291.5,0.0,2.271199941635132,1398592.75,-0.125,-0.0,0
0.0,0.0,484165.09375,914428.75,32.58110046386719,1398626.5,0.0,74298.9453125,1324292.75,0.0,34.85240173339844,1398626.625,-0.125,-0.0,0
0.0,0.0,484163.78125,914428.75,0.0,1398592.5,0.0,74298.9453125,1324291.625,0.0,2.271199941635132,1398592.875,-0.375,-0.0,0
0.0,0.0,484164.09375,914428.75,0.0,1398592.875,0.0,74298.9453125,1324291.875,0.0,2.271199941635132,1398593.125,-0.25,-0.0,0
0.0,0.0,484164.65625,914428.75,0.0,1398593.375,0.0,74298.9453125,1324292.5,0.0,2.271199941635132,1398593.75,-0.375,-0.0,0
0.0,0.0,484164.625,914428.75,0.0,1398593.375,0.0,74298.9453125,1324292.5,0.0,2.271199941635132,1398593.75,-0.375,-0.0,0
0.0,0.0,484164.5625,914428.75,0.0,1398593.25,0.0,74298.9453125,1324292.25,0.0,2.2713000774383545,1398593.5,-0.25,-0.0,0
0.0,0.0,484164.6875,914428.75,10.80090045928955,1398604.25,0.0,74298.9453125,1324292.125,0.0,13.115500450134277,1398604.25,0.0,0.0,0
0.0,0.0,484164.375,914428.75,0.0,1398593.125,0.0,74298.9453125,1324292.125,0.0,2.271199941635132,1398593.375,-0.25,-0.0,0
0.0,0.0,484164.375,914428.75,0.0,1398593.125,0.0,74298.9453125,1324292.25,0.0,2.2711000442504883,1398593.5,-0.375,-0.0,0
0.0,0.0,484164.40625,914428.75,0.0,1398593.125,0.0,74298.9453125,1324292.25,0.0,2.2711000442504883,1398593.5,-0.375,-0.0,0
0.0,0.0,484164.40625,914428.75,0.0,1398593.125,0.0,74298.9453125,1324292.125,0.0,2.271199941635132,1398593.375,-0.25,-0.0,0
0.0,0.0,484164.375,914428.75,0.0,1398593.125,0.0,74298.9453125,1324292.125,0.0,2.271199941635132,1398593.375,-0.25,-0.0,0
0.0,0.0,484163.6875,914428.75,0.0,1398592.5,0.0,74298.9453125,1324291.5,0.0,2.271199941635132,1398592.75,-0.25,-0.0,0
0.0,0.0,484164.25,914428.75,0.0,1398593.0,0.0,74298.9453125,1324292.0,0.0,2.271199941635132,1398593.25,-0.25,-0.0,0
0.0,0.0,484164.0625,914428.75,0.0,1398592.75,0.0,74298.9453125,1324291.75,0.0,2.2713000774383545,1398593.0,-0.25,-0.0,0
0.0,0.0,484163.875,914428.75,0.0,1398592.625,0.0,74298.9453125,1324291.75,0.0,2.2709999084472656,1398593.0,-0.375,-0.0,0
0.0,0.0,484163.84375,914428.75,0.0,1398592.625,0.0,74298.9453125,1324291.75,0.0,2.2709999084472656,1398593.0,-0.375,-0.0,0
0.0,0.0,484163.875,914428.75,0.0,1398592.625,0.0,74298.9453125,1324291.625,0.0,2.271199941635132,1398592.875,-0.25,-0.0,0
0.0,0.0,484163.875,914428.75,0.0,1398592.625,0.0,74298.9453125,1324291.625,0.0,2.271199941635132,1398592.875,-0.25,-0.0,0
0.0,0.0,484163.90625,914428.75,20.170299530029297,1398612.75,0.0,74298.9453125,1324291.75,0.0,22.441299438476562,1398613.25,-0.5,-0.0,0
0.0,0.0,484163.75,914428.75,4.964700222015381,1398597.5,0.0,74298.9453125,1324291.375,0.0,7.235899925231934,1398597.625,-0.125,-0.0,0
0.0,0.0,484164.4375,914428.75,46.8568000793457,1398640.125,0.0,74298.9453125,1324292.125,0.0,49.12799835205078,1398640.25,-0.125,-0.0,0
0.0,0.0,484163.8125,914428.75,0.0,1398592.5,0.0,74298.9453125,1324291.625,0.0,2.2711000442504883,1398592.875,-0.375,-0.0,0
0.0,0.0,484163.6875,914428.75,0.0,1398592.5,0.0,74298.9375,1324291.625,0.0,2.271199941635132,1398592.75,-0.25,-0.0,0
0.0,0.0,484163.875,914428.75,0.0,1398592.625,0.0,74298.9453125,1324291.625,0.0,2.271199941635132,1398592.875,-0.25,-0.0,0
0.0,0.0,484163.84375,914428.75,0.0,1398592.625,0.0,74298.9453125,1324291.75,0.0,2.271199941635132,1398593.0,-0.375,-0.0,0
0.0,0.0,484163.8125,914428.75,0.0,1398592.5,0.0,74298.9453125,1324291.75,0.0,2.271199941635132,1398593.0,-0.5,-0.0,0
0.0,0.0,484163.84375,914428.75,0.0,1398592.625,0.0,74298.9453125,1324291.75,0.0,2.271199941635132,1398593.0,-0.375,-0.0,0
0.0,0.0,484163.84375,914428.75,0.0,1398592.625,0.0,74298.9453125,1324291.75,0.0,2.271199941635132,1398593.0,-0.375,-0.0,0
0.0,0.0,484167.28125,914428.75,69.95379638671875,1398666.0,0.0,74298.9453125,1324295.25,0.0,72.22530364990234,1398666.5,-0.5,-0.0,0
0.0,0.0,484164.15625,914428.75,0.0,1398592.875,0.0,74298.9453125,1324291.875,0.0,2.271199941635132,1398593.125,-0.25,-0.0,0
0.0,0.0,484164.46875,914428.75,0.0,1398593.25,0.0,74298.9453125,1324292.125,0.0,2.271199941635132,1398593.375,-0.125,-0.0,0
0.0,0.0,484164.6875,914428.75,0.0,1398593.5,0.0,74298.9453125,1324292.625,0.0,2.271199941635132,1398593.875,-0.375,-0.0,0
0.0,0.0,484164.59375,914428.75,0.0,1398593.375,0.0,74298.9453125,1324292.25,0.0,2.271199941635132,1398593.5,-0.125,-0.0,0
0.0,0.0,484163.90625,914428.75,0.0,1398592.625,0.0,74298.9296875,1324291.75,0.0,2.271199941635132,1398592.875,-0.25,-0.0,0
0.0,0.0,484164.5625,914428.75,0.0,1398593.25,0.0,74298.9453125,1324292.25,0.0,2.271199941635132,1398593.5,-0.25,-0.0,0
0.0,0.0,484164.59375,914428.75,0.0,1398593.375,0.0,74298.9453125,1324292.25,0.0,2.271199941635132,1398593.5,-0.125,-0.0,0
0.0,0.0,484164.5625,914428.75,0.0,1398593.25,0.0,74298.9453125,1324292.25,0.0,2.271199941635132,1398593.5,-0.25,-0.0,0
0.0,0.0,484164.53125,914428.75,0.0,1398593.25,0.0,74298.9453125,1324292.25,0.0,2.271199941635132,1398593.5,-0.25,-0.0,0
0.0,0.0,484164.53125,914428.75,0.0,1398593.25,0.0,74298.9453125,1324292.375,0.0,2.2711000442504883,1398593.625,-0.375,-0.0,0
0.0,0.0,484164.53125,914428.75,0.0,1398593.25,0.0,74298.9453125,1324292.375,0.0,2.2711000442504883,1398593.625,-0.375,-0.0,0
0.0,0.0,484164.375,914428.75,0.0,1398593.125,0.0,74298.9453125,1324292.125,0.0,2.271199941635132,1398593.375,-0.25,-0.0,0
0.0,0.0,484164.1875,914428.75,0.0,1398593.0,0.0,74298.9453125,1324291.875,0.0,2.271199941635132,1398593.125,-0.125,-0.0,0
0.0,0.0,484164.0,914428.75,0.0,1398592.75,0.0,74298.9453125,1324291.75,0.0,2.271199941635132,1398593.0,-0.25,-0.0,0
0.0,0.0,484163.90625,914428.75,0.0,1398592.625,0.0,74298.9453125,1324291.75,0.0,2.2711000442504883,1398593.0,-0.375,-0.0,0
0.0,0.0,484164.1875,914428.75,0.02096799947321415,1398593.0,0.0,74298.9453125,1324292.0,0.0,2.3173999786376953,1398593.375,-0.375,-0.0,0
0.0,0.0,484163.9375,914428.75,0.0,1398592.75,0.0,74298.9453125,1324291.875,0.0,2.2709999084472656,1398593.125,-0.375,-0.0,0
0.0,0.0,484163.96875,914428.75,0.0,1398592.75,0.0,74298.9453125,1324291.75,0.0,2.271199941635132,1398593.0,-0.25,-0.0,0
0.0,0.0,484163.9375,914428.75,0.0,1398592.75,0.0,74298.9453125,1324291.625,0.0,2.271199941635132,1398592.875,-0.125,-0.0,0
0.0,0.0,484163.9375,914428.75,22.01919937133789,1398614.75,0.0,74298.9453125,1324291.625,0.0,24.29050064086914,1398614.875,-0.125,-0.0,0
0.0,0.0,484163.6875,914428.75,0.047127000987529755,1398592.5,0.0,74298.9453125,1324291.625,0.0,2.3183000087738037,1398593.0,-0.5,-0.0,0
0.0,0.0,484163.78125,914428.75,2.3475000858306885,1398594.875,0.0,74298.9453125,1324291.625,0.0,4.6219000816345215,1398595.25,-0.375,-0.0,0
0.0,0.0,484163.8125,914428.75,0.0,1398592.5,0.0,74298.9453125,1324291.625,0.0,2.271199941635132,1398592.875,-0.375,-0.0,0
0.0,0.0,484163.8125,914428.75,0.0,1398592.5,0.0,74298.9453125,1324291.75,0.0,2.2709999084472656,1398593.0,-0.5,-0.0,0
0.0,0.0,484163.875,914428.75,0.0,1398592.625,0.0,74298.9453125,1324291.625,0.0,2.271199941635132,1398592.875,-0.25,-0.0,0
0.0,0.0,484163.90625,914428.75,0.0,1398592.625,0.0,74298.9453125,1324291.625,0.0,2.271199941635132,1398592.875,-0.25,-0.0,0
0.0,0.0,484164.25,914428.75,0.0,1398593.0,0.0,74298.9453125,1324292.125,0.0,2.271199941635132,1398593.375,-0.375,-0.0,0
0.0,0.0,484163.90625,914428.75,0.0,1398592.625,0.0,74298.9453125,1324291.75,0.0,2.2713000774383545,1398593.0,-0.375,-0.0,0
0.0,0.0,484164.15625,914428.75,0.0,1398592.875,0.0,74298.9453125,1324291.875,0.0,2.271199941635132,1398593.125,-0.25,-0.0,0
0.0,0.0,484164.40625,914428.75,0.0,1398593.125,0.0,74298.9453125,1324292.25,0.0,2.271199941635132,1398593.5,-0.375,-0.0,0
0.0,0.0,484185.0,914428.75,86.72630310058594,1398700.5,0.0,74298.9453125,1324312.875,0.0,88.99759674072266,1398700.875,-0.375,-0.0,0
0.0,0.0,484164.71875,914428.75,0.0,1398593.5,0.0,74298.9453125,1324292.625,0.0,2.271199941635132,1398593.875,-0.375,-0.0,0
0.0,0.0,484164.6875,914428.75,0.0,1398593.5,0.0,74298.9453125,1324292.375,0.0,2.271199941635132,1398593.625,-0.125,-0.0,0
0.0,0.0,484165.1875,914428.75,8.014100074768066,1398602.0,0.0,74298.9453125,1324292.875,0.0,10.285400390625,1398602.125,-0.125,-0.0,0
0.0,0.0,484164.65625,914428.75,0.0,1398593.375,0.0,74298.9453125,1324292.375,0.0,2.271199941635132,1398593.625,-0.25,-0.0,0
0.0,0.0,484164.625,914428.75,0.0,1398593.375,0.0,74298.9453125,1324292.375,0.0,2.271199941635132,1398593.625,-0.25,-0.0,0
0.0,0.0,484164.625,914428.75,0.0,1398593.375,0.0,74298.9453125,1324292.5,0.0,2.2709999084472656,1398593.75,-0.375,-0.0,0
0.0,0.0,484163.71875,914428.75,0.0,1398592.5,0.0,74298.2734375,1324292.25,0.0,2.271199941635132,1398592.75,-0.25,-0.0,0
0.0,0.0,484164.3125,914428.75,0.0,1398593.0,0.0,74298.9453125,1324292.25,0.0,2.271199941635132,1398593.5,-0.5,-0.0,0
0.0,0.0,484164.59375,914428.75,0.0,1398593.375,0.0,74298.9453125,1324292.5,0.0,2.270900011062622,1398593.75,-0.375,-0.0,0
0.0,0.0,484164.40625,914428.75,0.0,1398593.125,0.0,74298.9453125,1324292.125,0.0,2.271199941635132,1398593.375,-0.25,-0.0,0
0.0,0.0,484164.25,914428.75,0.0,1398593.0,0.0,74298.9453125,1324292.0,0.0,2.2711000442504883,1398593.25,-0.25,-0.0,0
0.0,0.0,484164.0,914428.75,0.0,1398592.75,0.0,74298.9453125,1324291.75,0.0,2.271199941635132,1398593.0,-0.25,-0.0,0
0.0,0.0,484164.03125,914428.75,0.0,1398592.75,0.0,74298.9453125,1324291.875,0.0,2.2708001136779785,1398593.125,-0.375,-0.0,0
0.0,0.0,484164.09375,914428.75,0.0,1398592.875,0.0,74298.9453125,1324292.0,0.0,2.270900011062622,1398593.25,-0.375,-0.0,0
0.0,0.0,484168.84375,914428.75,13.579999923706055,1398611.25,0.0,74298.9453125,1324296.75,0.0,15.851099967956543,1398611.625,-0.375,-0.0,0
0.0,0.0,484163.875,914428.75,1.4529000520706177,1398594.125,0.0,74298.9453125,1324291.75,0.0,3.724600076675415,1398594.5,-0.375,-0.0,0
0.0,0.0,484163.71875,914428.75,4.15369987487793,1398596.625,0.0,74298.9453125,1324291.375,0.0,6.424900054931641,1398596.75,-0.125,-0.0,0
0.0,0.0,484163.71875,914428.75,0.0,1398592.5,0.0,74298.9453125,1324291.625,0.0,2.271199941635132,1398592.875,-0.375,-0.0,0
0.0,0.0,484164.03125,914428.75,0.0,1398592.75,0.0,74298.9453125,1324292.0,0.0,2.271199941635132,1398593.25,-0.5,-0.0,0
0.0,0.0,484163.78125,914428.75,0.0,1398592.5,0.0,74298.9453125,1324291.625,0.0,2.271199941635132,1398592.875,-0.375,-0.0,0
0.0,0.0,484163.78125,914428.75,16.059600830078125,1398608.5,0.0,74298.9453125,1324291.625,0.0,18.330699920654297,1398609.0,-0.5,-0.0,0
0.0,0.0,484163.8125,914428.75,0.0,1398592.5,0.0,74298.9453125,1324291.75,0.0,2.2711000442504883,1398593.0,-0.5,-0.0,0
0.0,0.0,484163.84375,914428.75,0.0,1398592.625,0.0,74298.9453125,1324291.75,0.0,2.271199941635132,1398593.0,-0.375,-0.0,0
0.0,0.0,484165.1875,914428.75,38.47909927368164,1398632.5,0.0,74298.9453125,1324292.875,0.0,40.75040054321289,1398632.625,-0.125,-0.0,0
0.0,0.0,484164.0625,914428.75,0.0,1398592.75,0.0,74298.9453125,1324292.0,0.0,2.271199941635132,1398593.25,-0.5,-0.0,0
0.0,0.0,484164.3125,914428.75,0.0,1398593.0,0.0,74298.9453125,1324292.25,0.0,2.271199941635132,1398593.5,-0.5,-0.0,0
0.0,0.0,484164.59375,914428.75,0.0,1398593.375,0.0,74298.9453125,1324292.5,0.0,2.271199941635132,1398593.75,-0.375,-0.0,0
0.0,0.0,484164.65625,914428.75,0.0,1398593.375,0.0,74298.9453125,1324292.5,0.0,2.271199941635132,1398593.75,-0.375,-0.0,0
0.0,0.0,484164.6875,914428.75,0.0,1398593.5,0.0,74298.9453125,1324292.375,0.0,2.2713000774383545,1398593.625,-0.125,-0.0,0
0.0,0.0,484163.875,914428.75,0.0,1398592.625,0.0,74298.9453125,1324291.75,0.0,2.271199941635132,1398593.0,-0.375,-0.0,0
0.0,0.0,484164.71875,914428.75,0.0,1398593.5,0.0,74298.9453125,1324292.375,0.0,2.2713000774383545,1398593.625,-0.125,-0.0,0
0.0,0.0,484177.8125,914428.75,46.377498626708984,1398652.875,0.0,74298.9453125,1324305.5,0.0,48.64929962158203,1398653.125,-0.25,-0.0,0
0.0,0.0,484164.6875,914428.75,0.0,1398593.5,0.0,74298.9453125,1324292.375,0.0,2.271199941635132,1398593.625,-0.125,-0.0,0
0.0,0.0,484164.625,914428.75,0.0,1398593.375,0.0,74298.9453125,1324292.375,0.0,2.2711000442504883,1398593.625,-0.25,-0.0,0
0.0,0.0,484164.5625,914428.75,0.0,1398593.25,0.0,74298.9453125,1324292.5,0.0,2.2709999084472656,1398593.75,-0.5,-0.0,0
0.0,0.0,484164.5,914428.75,0.0,1398593.25,0.0,74298.9453125,1324292.375,0.0,2.2709999084472656,1398593.625,-0.375,-0.0,0
0.0,0.0,484164.40625,914428.75,0.0,1398593.125,0.0,74298.9453125,1324292.125,0.0,2.271199941635132,1398593.375,-0.25,-0.0,0
0.0,0.0,484164.21875,914428.75,0.0,1398593.0,0.0,74298.9453125,1324292.125,0.0,2.2708001136779785,1398593.375,-0.375,-0.0,0
0.0,0.0,484164.09375,914428.75,0.0,1398592.875,0.0,74298.9453125,1324291.875,0.0,2.271199941635132,1398593.125,-0.25,-0.0,0
0.0,0.0,484164.03125,914428.75,0.0,1398592.75,0.0,74298.9453125,1324291.875,0.0,2.270900011062622,1398593.125,-0.375,-0.0,0
0.0,0.0,484163.75,914428.75,0.0,1398592.5,0.0,74298.9453125,1324291.625,0.0,2.271199941635132,1398592.875,-0.375,-0.0,0
0.0,0.0,484164.09375,914428.75,0.0,1398592.875,0.0,74298.9453125,1324292.0,0.0,2.270699977874756,1398593.25,-0.375,-0.0,0
0.0,0.0,484164.1875,914428.75,0.0,1398593.0,0.0,74298.9453125,1324292.0,0.0,2.2708001136779785,1398593.25,-0.25,-0.0,0
0.0,0.0,484164.21875,914428.75,0.0,1398593.0,0.0,74298.9453125,1324292.125,0.0,2.2708001136779785,1398593.375,-0.375,-0.0,0
0.0,0.0,484164.0,914428.75,0.0,1398592.75,0.0,74298.9453125,1324291.875,0.0,2.270699977874756,1398593.125,-0.375,-0.0,0
0.0,0.0,484164.5625,914428.75,49.86909866333008,1398643.125,0.0,74298.9453125,1324292.375,0.0,52.13959884643555,1398643.5,-0.375,-0.0,0
0.0,0.0,484163.75,914428.75,0.0,1398592.5,0.0,74298.9453125,1324291.625,0.0,2.2711000442504883,1398592.875,-0.375,-0.0,0
0.0,0.0,484163.75,914428.75,0.0,1398592.5,0.0,74298.9453125,1324291.625,0.0,2.2711000442504883,1398592.875,-0.375,-0.0,0
0.0,0.0,484163.8125,914428.75,0.0,1398592.5,0.0,74298.9453125,1324291.625,0.0,2.271399974822998,1398592.875,-0.375,-0.0,0
0.0,0.0,484163.8125,914428.75,0.0,1398592.5,0.0,74298.9453125,1324291.625,0.0,2.271199941635132,1398592.875,-0.375,-0.0,0
0.0,0.0,484163.84375,914428.75,0.0,1398592.625,0.0,74298.9453125,1324291.75,0.0,2.271199941635132,1398593.0,-0.375,-0.0,0
0.0,0.0,484163.65625,914428.75,0.0,1398592.375,0.0,74298.9453125,1324291.5,0.0,2.2718000411987305,1398592.75,-0.375,-0.0,0
0.0,0.0,484164.4375,914428.75,36.46820068359375,1398629.75,0.0,74298.9453125,1324292.375,0.0,38.740699768066406,1398630.125,-0.375,-0.0,0
0.0,0.0,484164.03125,914428.75,0.0,1398592.75,0.0,74298.9453125,1324291.875,0.0,2.2711000442504883,1398593.125,-0.375,-0.0,0
0.0,0.0,484164.21875,914428.75,0.0,1398593.0,0.0,74298.9453125,1324292.125,0.0,2.271199941635132,1398593.375,-0.375,-0.0,0
0.0,0.0,484164.40625,914428.75,0.0,1398593.125,0.0,74298.9453125,1324292.25,0.0,2.271199941635132,1398593.5,-0.375,-0.0,0
0.0,0.0,484164.625,914428.75,1.791599988937378,1398595.125,0.0,74298.9453125,1324292.375,0.0,4.06279993057251,1398595.5,-0.375,-0.0,0
0.0,0.0,484164.6875,914428.75,0.0,1398593.5,0.0,74298.9453125,1324292.375,0.0,2.271199941635132,1398593.625,-0.125,-0.0,0
0.0,0.0,484164.6875,914428.75,0.0,1398593.5,0.0,74298.9453125,1324292.375,0.0,2.2711000442504883,1398593.625,-0.125,-0.0,0
0.0,0.0,484164.65625,914428.75,0.0,1398593.375,0.0,74298.9453125,1324292.5,0.0,2.271199941635132,1398593.75,-0.375,-0.0,0
0.0,0.0,484164.625,914428.75,0.0,1398593.375,0.0,74298.9453125,1324292.375,0.0,2.2711000442504883,1398593.625,-0.25,-0.0,0
0.0,0.0,484164.59375,914428.75,0.0,1398593.375,0.0,74298.9453125,1324292.375,0.0,2.271199941635132,1398593.625,-0.25,-0.0,0
0.0,0.0,484163.65625,914428.75,0.0,1398592.375,0.0,74298.9453125,1324291.5,0.0,2.271199941635132,1398592.75,-0.375,-0.0,0
0.0,0.0,484164.5625,914428.75,0.0,1398593.25,0.0,74298.9453125,1324292.25,0.0,2.2709999084472656,1398593.5,-0.25,-0.0,0
0.0,0.0,484164.46875,914428.75,0.0,1398593.25,0.0,74298.9453125,1324292.25,0.0,2.2702999114990234,1398593.5,-0.25,-0.0,0
0.0,0.0,484164.34375,914428.75,0.0,1398593.125,0.0,74298.9453125,1324292.25,0.0,2.2708001136779785,1398593.5,-0.375,-0.0,0
0.0,0.0,484164.28125,914428.75,0.0,1398593.0,0.0,74298.9453125,1324292.0,0.0,2.271199941635132,1398593.25,-0.25,-0.0,0
0.0,0.0,484164.15625,914428.75,0.0,1398592.875,0.0,74298.9453125,1324292.0,0.0,2.270699977874756,1398593.25,-0.375,-0.0,0
0.0,0.0,484164.09375,914428.75,0.0,1398592.875,0.0,74298.9453125,1324292.0,0.0,2.270699977874756,1398593.25,-0.375,-0.0,0
0.0,0.0,484164.15625,914428.75,0.0,1398592.875,0.0,74298.9453125,1324292.0,0.0,2.270699977874756,1398593.25,-0.375,-0.0,0
0.0,0.0,484164.1875,914428.75,0.0,1398593.0,0.0,74298.9453125,1324292.125,0.0,2.2706000804901123,1398593.375,-0.375,-0.0,0
0.0,0.0,484164.0625,914428.75,0.0,1398592.75,0.0,74298.9453125,1324291.875,0.0,2.2706000804901123,1398593.125,-0.375,-0.0,0
0.0,0.0,484163.96875,914428.75,0.0,1398592.75,0.0,74298.9453125,1324291.875,0.0,2.2704999446868896,1398593.125,-0.375,-0.0,0
0.0,0.0,484163.6875,914428.75,0.0,1398592.5,0.0,74298.9375,1324291.625,0.0,2.271199941635132,1398592.75,-0.25,-0.0,0
0.0,0.0,484163.875,914428.75,5.738999843597412,1398598.375,0.0,74298.9453125,1324291.625,0.0,8.018500328063965,1398598.625,-0.25,-0.0,0
0.0,0.0,484164.8125,914428.75,68.02539825439453,1398661.5,0.0,74298.9453125,1324292.75,0.0,70.29620361328125,1398662.0,-0.5,-0.0,0
0.0,0.0,484164.125,914428.75,37.54010009765625,1398630.375,0.0,74298.9453125,1324292.0,0.0,39.81129837036133,1398630.75,-0.375,-0.0,0
0.0,0.0,484163.8125,914428.75,0.6942999958992004,1398593.25,0.0,74298.9453125,1324291.625,0.0,2.9674999713897705,1398593.625,-0.375,-0.0,0
0.0,0.0,484163.84375,914428.75,0.0,1398592.625,0.0,74298.9453125,1324291.75,0.0,2.2711000442504883,1398593.0,-0.375,-0.0,0
0.0,0.0,484163.8125,914428.75,0.0,1398592.5,0.0,74298.9453125,1324291.75,0.0,2.2709999084472656,1398593.0,-0.5,-0.0,0
0.0,0.0,484164.6875,914428.75,29.744800567626953,1398623.25,0.0,74298.9453125,1324292.5,0.0,32.01599884033203,1398623.5,-0.25,-0.0,0
0.0,0.0,484164.0,914428.75,0.0,1398592.75,0.0,74298.9453125,1324291.75,0.0,2.271199941635132,1398593.0,-0.25,-0.0,0
0.0,0.0,484164.15625,914428.75,0.0,1398592.875,0.0,74298.9453125,1324291.875,0.0,2.271199941635132,1398593.125,-0.25,-0.0,0
0.0,0.0,484164.34375,914428.75,0.0,1398593.125,0.0,74298.9453125,1324292.0,0.0,2.271199941635132,1398593.25,-0.125,-0.0,0
0.0,0.0,484164.15625,914428.75,0.0,1398592.875,0.0,74298.9296875,1324291.875,0.0,2.271199941635132,1398593.0,-0.125,-0.0,0
0.0,0.0,484164.46875,914428.75,0.0,1398593.25,0.0,74298.9453125,1324292.375,0.0,2.271199941635132,1398593.625,-0.375,-0.0,0
0.0,0.0,484164.65625,914428.75,0.0,1398593.375,0.0,74298.9453125,1324292.375,0.0,2.2711000442504883,1398593.625,-0.25,-0.0,0
0.0,0.0,484164.625,914428.75,0.0,1398593.375,0.0,74298.9453125,1324292.25,0.0,2.270900011062622,1398593.5,-0.125,-0.0,0
0.0,0.0,484164.59375,914428.75,0.0,1398593.375,0.0,74298.9453125,1324292.25,0.0,2.2711000442504883,1398593.5,-0.125,-0.0,0
0.0,0.0,484164.5,914428.75,0.0,1398593.25,0.0,74298.9453125,1324292.375,0.0,2.2706000804901123,1398593.625,-0.375,-0.0,0
0.0,0.0,484164.5,914428.75,0.0,1398593.25,0.0,74298.9453125,1324292.25,0.0,2.271399974822998,1398593.5,-0.25,-0.0,0
0.0,0.0,484164.4375,914428.75,0.0,1398593.25,0.0,74298.9453125,1324292.25,0.0,2.2711000442504883,1398593.5,-0.25,-0.0,0
0.0,0.0,484164.40625,914428.75,0.0,1398593.125,0.0,74298.9453125,1324292.125,0.0,2.2711000442504883,1398593.375,-0.25,-0.0,0
0.0,0.0,484164.34375,914428.75,0.0,1398593.125,0.0,74298.9453125,1324292.125,0.0,2.2711000442504883,1398593.375,-0.25,-0.0,0
0.0,0.0,484164.25,914428.75,0.0,1398593.0,0.0,74298.9453125,1324292.125,0.0,2.2706000804901123,1398593.375,-0.375,-0.0,0
0.0,0.0,484164.5,914428.75,0.0,1398593.25,0.0,74298.921875,1324292.375,0.0,2.271199941635132,1398593.5,-0.25,-0.0,0
0.0,0.0,484164.21875,914428.75,0.0,1398593.0,0.0,74298.9453125,1324292.125,0.0,2.2706000804901123,1398593.375,-0.375,-0.0,0
0.0,0.0,484164.21875,914428.75,0.0,1398593.0,0.0,74298.9453125,1324292.125,0.0,2.267899990081787,1398593.375,-0.375,-0.0,0
0.0,0.0,484164.1875,914428.75,0.0,1398593.0,0.0,74298.9453125,1324292.125,0.0,2.2671000957489014,1398593.375,-0.375,-0.0,0
0.0,0.0,484164.1875,914428.75,0.0,1398593.0,0.0,74298.9453125,1324291.875,0.0,2.2679998874664307,1398593.125,-0.125,-0.0,0
0.0,0.0,484164.09375,914428.75,0.0,1398592.875,0.0,74298.9453125,1324292.0,0.0,2.2704999446868896,1398593.25,-0.375,-0.0,0
0.0,0.0,484164.03125,914428.75,0.0,1398592.75,0.0,74298.9453125,1324291.875,0.0,2.2706000804901123,1398593.125,-0.375,-0.0,0
0.0,0.0,484164.0,914428.75,0.0,1398592.75,0.0,74298.9453125,1324291.75,0.0,2.2709999084472656,1398593.0,-0.25,-0.0,0
0.0,0.0,484163.90625,914428.75,0.5891000032424927,1398593.25,0.0,74298.9453125,1324291.75,0.0,2.859999895095825,1398593.625,-0.375,-0.0,0
0.0,0.0,484164.5625,914428.75,45.93349838256836,1398639.125,0.0,74298.9453125,1324292.375,0.0,48.205101013183594,1398639.625,-0.5,-0.0,0
0.0,0.0,484163.84375,914428.75,0.0,1398592.625,0.0,74298.9453125,1324291.75,0.0,2.2709999084472656,1398593.0,-0.375,-0.0,0
0.0,0.0,484164.21875,914428.75,11.371100425720215,1398604.375,0.0,74298.9453125,1324292.125,0.0,13.64229965209961,1398604.75,-0.375,-0.0,0
0.0,0.0,484163.875,914428.75,7.489799976348877,1398600.125,0.0,74298.9453125,1324291.75,0.0,9.760899543762207,1398600.5,-0.375,-0.0,0
0.0,0.0,484163.875,914428.75,0.0,1398592.625,0.0,74298.9453125,1324291.75,0.0,2.271199941635132,1398593.0,-0.375,-0.0,0
0.0,0.0,484164.8125,914428.75,42.0442008972168,1398635.5,0.0,74298.9453125,1324292.625,0.0,44.315399169921875,1398636.0,-0.5,-0.0,0
0.0,0.0,484166.8125,914428.75,68.64129638671875,1398664.125,0.0,74298.9453125,1324294.625,0.0,70.9124984741211,1398664.5,-0.375,-0.0,0
0.0,0.0,484164.03125,914428.75,0.0,1398592.75,0.0,74298.9453125,1324291.875,0.0,2.2711000442504883,1398593.125,-0.375,-0.0,0
0.0,0.0,484164.1875,914428.75,0.0,1398593.0,0.0,74298.9453125,1324292.0,0.0,2.271199941635132,1398593.25,-0.25,-0.0,0
0.0,0.0,484164.59375,914428.75,0.0,1398593.375,0.0,74298.9453125,1324292.25,0.0,2.2711000442504883,1398593.5,-0.125,-0.0,0
0.0,0.0,484164.5625,914428.75,0.0,1398593.25,0.0,74298.9453125,1324292.25,0.0,2.270699977874756,1398593.5,-0.25,-0.0,0
0.0,0.0,484164.5,914428.75,0.0,1398593.25,0.0,74298.9453125,1324292.375,0.0,2.2702999114990234,1398593.625,-0.375,-0.0,0
0.0,0.0,484164.5,914428.75,0.0,1398593.25,0.0,74298.9453125,1324292.25,0.0,2.2708001136779785,1398593.5,-0.25,-0.0,0
0.0,0.0,484163.78125,914428.75,0.0,1398592.5,0.0,74298.2734375,1324292.375,0.0,2.271199941635132,1398592.875,-0.375,-0.0,0
0.0,0.0,484164.15625,914428.75,5.9481000900268555,1398598.875,0.0,74298.9453125,1324292.0,0.0,8.219900131225586,1398599.25,-0.375,-0.0,0
0.0,0.0,484164.40625,914428.75,0.0,1398593.125,0.0,74298.9453125,1324292.25,0.0,2.2704999446868896,1398593.5,-0.375,-0.0,0
0.0,0.0,484164.40625,914428.75,0.0,1398593.125,0.0,74298.9453125,1324292.125,0.0,2.2711000442504883,1398593.375,-0.25,-0.0,0
0.0,0.0,484164.375,914428.75,0.0,1398593.125,0.0,74298.9453125,1324292.125,0.0,2.2711000442504883,1398593.375,-0.25,-0.0,0
0.0,0.0,484164.34375,914428.75,0.0,1398593.125,0.0,74298.9453125,1324292.25,0.0,2.2704999446868896,1398593.5,-0.375,-0.0,0
0.0,0.0,484164.40625,914428.75,0.0,1398593.125,0.0,74298.9453125,1324292.125,0.0,2.27020001411438,1398593.375,-0.25,-0.0,0
0.0,0.0,484165.375,914428.75,1.6749999523162842,1398595.75,0.0,74298.9453125,1324293.25,0.0,3.9430999755859375,1398596.25,-0.5,-0.0,0
0.0,0.0,484164.28125,914428.75,0.0,1398593.0,0.0,74298.9453125,1324292.25,0.0,2.2665998935699463,1398593.5,-0.5,-0.0,0
0.0,0.0,484164.25,914428.75,0.0,1398593.0,0.0,74298.9453125,1324292.0,0.0,2.266700029373169,1398593.25,-0.25,-0.0,0
0.0,0.0,484164.15625,914428.75,0.0,1398592.875,0.0,74298.9453125,1324292.0,0.0,2.2676000595092773,1398593.25,-0.375,-0.0,0
0.0,0.0,484164.15625,914428.75,0.0,1398592.875,0.0,74298.9453125,1324291.875,0.0,2.2683000564575195,1398593.125,-0.25,-0.0,0
0.0,0.0,484164.78125,914428.75,13.4753999710083,1398607.0,0.0,74298.9453125,1324292.75,0.0,15.746800422668457,1398607.5,-0.5,-0.0,0
0.0,0.0,484164.09375,914428.75,0.0,1398592.875,0.0,74298.9453125,1324291.875,0.0,2.268399953842163,1398593.125,-0.25,-0.0,0
0.0,0.0,484164.09375,914428.75,0.0,1398592.875,0.0,74298.9453125,1324291.875,0.0,2.268399953842163,1398593.125,-0.25,-0.0,0
0.0,0.0,484164.09375,914428.75,0.0,1398592.875,0.0,74298.9453125,1324291.875,0.0,2.270900011062622,1398593.125,-0.25,-0.0,0
0.0,0.0,484162.09375,914428.75,14.633899688720703,1398605.5,0.0,74298.9453125,1324290.0,0.0,16.904699325561523,1398605.875,-0.375,-0.0,0
0.0,0.0,484163.96875,914428.75,1.892699956893921,1398594.625,0.0,74298.9453125,1324291.75,0.0,4.164000034332275,1398594.875,-0.25,-0.0,0
0.0,0.0,484163.90625,914428.75,0.0,1398592.625,0.0,74298.9453125,1324291.875,0.0,2.2709999084472656,1398593.125,-0.5,-0.0,0
0.0,0.0,484163.90625,914428.75,0.0,1398592.625,0.0,74298.9453125,1324291.75,0.0,2.2711000442504883,1398593.0,-0.375,-0.0,0
0.0,0.0,484163.875,914428.75,0.0,1398592.625,0.0,74298.9453125,1324291.75,0.0,2.271199941635132,1398593.0,-0.375,-0.0,0
0.0,0.0,484164.25,914428.75,18.467599868774414,1398611.5,0.0,74298.9453125,1324292.125,0.0,20.738800048828125,1398611.875,-0.375,-0.0,0
0.0,0.0,484166.0625,914428.75,51.49020004272461,1398646.25,0.0,74298.9453125,1324293.75,0.0,53.76150131225586,1398646.5,-0.25,-0.0,0
0.0,0.0,484163.875,914428.75,0.0,1398592.625,0.0,74298.9453125,1324291.75,0.0,2.271199941635132,1398593.0,-0.375,-0.0,0
0.0,0.0,484164.09375,914428.75,0.0,1398592.875,0.0,74298.9453125,1324291.625,0.0,2.30649995803833,1398592.875,0.0,0.0,0
0.0,0.0,484164.25,914428.75,0.0,1398593.0,0.0,74298.9453125,1324292.0,0.0,2.271199941635132,1398593.25,-0.25,-0.0,0
0.0,0.0,484164.46875,914428.75,0.0,1398593.25,0.0,74298.9453125,1324292.375,0.0,2.270699977874756,1398593.625,-0.375,-0.0,0
0.0,0.0,484164.46875,914428.75,0.0,1398593.25,0.0,74298.9453125,1324292.25,0.0,2.2704999446868896,1398593.5,-0.25,-0.0,0
0.0,0.0,484164.4375,914428.75,0.0,1398593.25,0.0,74298.9453125,1324292.125,0.0,2.270699977874756,1398593.375,-0.125,-0.0,0
0.0,0.0,484164.40625,914428.75,0.0,1398593.125,0.0,74298.9453125,1324292.25,0.0,2.27020001411438,1398593.5,-0.375,-0.0,0
0.0,0.0,484164.40625,914428.75,0.0,1398593.125,0.0,74298.9453125,1324292.125,0.0,2.2708001136779785,1398593.375,-0.25,-0.0,0
0.0,0.0,484164.375,914428.75,0.0,1398593.125,0.0,74298.9453125,1324292.125,0.0,2.2706000804901123,1398593.375,-0.25,-0.0,0
0.0,0.0,484164.375,914428.75,0.0,1398593.125,0.0,74298.9453125,1324292.125,0.0,2.2711000442504883,1398593.375,-0.25,-0.0,0
0.0,0.0,484164.3125,914428.75,0.0,1398593.0,0.0,74298.9453125,1324292.25,0.0,2.266900062561035,1398593.5,-0.5,-0.0,0
0.0,0.0,484163.8125,914428.75,0.0,1398592.5,0.0,74298.9453125,1324291.625,0.0,2.271199941635132,1398592.875,-0.375,-0.0,0
0.0,0.0,484164.34375,914428.75,0.0,1398593.125,0.0,74298.9453125,1324292.25,0.0,2.2648000717163086,1398593.5,-0.375,-0.0,0
0.0,0.0,484164.3125,914428.75,0.0,1398593.0,0.0,74298.9453125,1324292.25,0.0,2.270699977874756,1398593.5,-0.5,-0.0,0
0.0,0.0,484164.25,914428.75,0.0,1398593.0,0.0,74298.9453125,1324292.0,0.0,2.2651000022888184,1398593.25,-0.25,-0.0,0
0.0,0.0,484164.1875,914428.75,0.0,1398593.0,0.0,74298.9453125,1324292.0,0.0,2.2655999660491943,1398593.25,-0.25,-0.0,0
0.0,0.0,484164.15625,914428.75,0.0,1398592.875,0.0,74298.9453125,1324291.875,0.0,2.2679998874664307,1398593.125,-0.25,-0.0,0
0.0,0.0,484164.15625,914428.75,0.0,1398592.875,0.0,74298.9453125,1324291.875,0.0,2.265500068664551,1398593.125,-0.25,-0.0,0
0.0,0.0,484164.15625,914428.75,0.0,1398592.875,0.0,74298.9453125,1324291.875,0.0,2.2702999114990234,1398593.125,-0.25,-0.0,0
0.0,0.0,484164.15625,914428.75,0.0,1398592.875,0.0,74298.9453125,1324291.875,0.0,2.271399974822998,1398593.125,-0.25,-0.0,0
0.0,0.0,484164.0625,914428.75,0.0,1398592.75,0.0,74298.9453125,1324291.875,0.0,2.270900011062622,1398593.125,-0.375,-0.0,0
0.0,0.0,484163.96875,914428.75,0.0,1398592.75,0.0,74298.9453125,1324291.875,0.0,2.2709999084472656,1398593.125,-0.375,-0.0,0
0.0,0.0,484163.75,914428.75,0.0,1398592.5,0.0,74298.9453125,1324291.5,0.0,2.271199941635132,1398592.75,-0.25,-0.0,0
0.0,0.0,484164.0,914428.75,0.0,1398592.75,0.0,74298.9453125,1324291.75,0.0,2.271199941635132,1398593.0,-0.25,-0.0,0
0.0,0.0,484163.9375,914428.75,0.0,1398592.75,0.0,74298.9453125,1324291.75,0.0,2.2711000442504883,1398593.0,-0.25,-0.0,0
0.0,0.0,484163.90625,914428.75,0.0,1398592.625,0.0,74298.9453125,1324291.75,0.0,2.271199941635132,1398593.0,-0.375,-0.0,0
0.0,0.0,484164.375,914428.75,14.736700057983398,1398607.875,0.0,74298.9453125,1324292.125,0.0,17.009599685668945,1398608.125,-0.25,-0.0,0
0.0,0.0,484167.59375,914428.75,71.67070007324219,1398668.0,0.0,74298.9453125,1324295.25,0.0,73.94200134277344,1398668.25,-0.25,-0.0,0
0.0,0.0,484164.0625,914428.75,0.0,1398592.75,0.0,74298.9453125,1324292.0,0.0,2.2711000442504883,1398593.25,-0.5,-0.0,0
0.0,0.0,484164.375,914428.75,0.0,1398593.125,0.0,74298.9453125,1324292.125,0.0,2.2709999084472656,1398593.375,-0.25,-0.0,0
0.0,0.0,484164.34375,914428.75,0.0,1398593.125,0.0,74298.9453125,1324292.125,0.0,2.270900011062622,1398593.375,-0.25,-0.0,0
0.0,0.0,484164.34375,914428.75,0.0,1398593.125,0.0,74298.9453125,1324292.0,0.0,2.2706000804901123,1398593.25,-0.125,-0.0,0
0.0,0.0,484164.34375,914428.75,0.0,1398593.125,0.0,74298.9453125,1324292.0,0.0,2.271199941635132,1398593.25,-0.125,-0.0,0
0.0,0.0,484163.65625,914428.75,0.0,1398592.375,0.0,74298.9453125,1324291.5,0.0,2.271199941635132,1398592.75,-0.375,-0.0,0
0.0,0.0,484164.28125,914428.75,0.0,1398593.0,0.0,74298.9453125,1324292.125,0.0,2.266200065612793,1398593.375,-0.375,-0.0,0
0.0,0.0,484164.25,914428.75,0.0,1398593.0,0.0,74298.9453125,1324292.125,0.0,2.262500047683716,1398593.375,-0.375,-0.0,0
0.0,0.0,484164.25,914428.75,0.0,1398593.0,0.0,74298.9453125,1324292.125,0.0,2.2695999145507812,1398593.375,-0.375,-0.0,0
0.0,0.0,484164.21875,914428.75,0.0,1398593.0,0.0,74298.9453125,1324292.0,0.0,2.2632999420166016,1398593.25,-0.25,-0.0,0
0.0,0.0,484164.1875,914428.75,0.0,1398593.0,0.0,74298.9453125,1324292.0,0.0,2.26419997215271,1398593.25,-0.25,-0.0,0
0.0,0.0,484164.21875,914428.75,0.0,1398593.0,0.0,74298.9453125,1324291.75,0.0,2.2679998874664307,1398593.0,0.0,0.0,0
0.0,0.0,484164.15625,914428.75,0.0,1398592.875,0.0,74298.9453125,1324291.875,0.0,2.2690999507904053,1398593.125,-0.25,-0.0,0
0.0,0.0,484164.15625,914428.75,0.0,1398592.875,0.0,74298.9453125,1324291.875,0.0,2.271699905395508,1398593.125,-0.25,-0.0,0
0.0,0.0,484164.15625,914428.75,0.0,1398592.875,0.0,74298.9453125,1324291.875,0.0,2.271399974822998,1398593.125,-0.25,-0.0,0
0.0,0.0,484164.09375,914428.75,0.32910001277923584,1398593.25,0.0,74298.9453125,1324292.0,0.0,2.5994999408721924,1398593.625,-0.375,-0.0,0
0.0,0.0,484163.625,914428.75,0.0,1398592.375,0.0,74298.9453125,1324291.5,0.0,2.271199941635132,1398592.75,-0.375,-0.0,0
0.0,0.0,484164.03125,914428.75,0.0,1398592.75,0.0,74298.9453125,1324292.0,0.0,2.270900011062622,1398593.25,-0.5,-0.0,0
0.0,0.0,484164.03125,914428.75,0.0,1398592.75,0.0,74298.9453125,1324291.875,0.0,2.2711000442504883,1398593.125,-0.375,-0.0,0
0.0,0.0,484164.0,914428.75,0.0,1398592.75,0.0,74298.9453125,1324291.875,0.0,2.270900011062622,1398593.125,-0.375,-0.0,0
0.0,0.0,484163.96875,914428.75,0.0,1398592.75,0.0,74298.9453125,1324291.875,0.0,2.2711000442504883,1398593.125,-0.375,-0.0,0
0.0,0.0,484163.96875,914428.75,0.0,1398592.75,0.0,74298.9453125,1324291.875,0.0,2.2709999084472656,1398593.125,-0.375,-0.0,0
0.0,0.0,484163.96875,914428.75,0.0,1398592.75,0.0,74298.9453125,1324291.75,0.0,2.271199941635132,1398593.0,-0.25,-0.0,0
0.0,0.0,484163.96875,914428.75,0.0,1398592.75,0.0,74298.9453125,1324291.75,0.0,2.271199941635132,1398593.0,-0.25,-0.0,0
0.0,0.0,484164.25,914428.75,20.90530014038086,1398613.875,0.0,74298.9453125,1324292.125,0.0,23.176799774169922,1398614.25,-0.375,-0.0,0
0.0,0.0,484164.21875,914428.75,0.0,1398593.0,0.0,74298.9453125,1324292.125,0.0,2.263400077819824,1398593.375,-0.375,-0.0,0
0.0,0.0,484164.1875,914428.75,0.0,1398593.0,0.0,74298.9453125,1324292.125,0.0,2.2572999000549316,1398593.375,-0.375,-0.0,0
0.0,0.0,484163.65625,914428.75,0.0,1398592.375,0.0,74298.9453125,1324291.625,0.0,2.271199941635132,1398592.875,-0.5,-0.0,0
0.0,0.0,484164.1875,914428.75,0.0,1398593.0,0.0,74298.9453125,1324292.0,0.0,2.264899969100952,1398593.25,-0.25,-0.0,0
0.0,0.0,484164.1875,914428.75,0.0,1398593.0,0.0,74298.9453125,1324292.0,0.0,2.266700029373169,1398593.25,-0.25,-0.0,0
0.0,0.0,484164.1875,914428.75,0.0,1398593.0,0.0,74298.9453125,1324292.0,0.0,2.2679998874664307,1398593.25,-0.25,-0.0,0
0.0,0.0,484164.15625,914428.75,0.0,1398592.875,0.0,74298.9453125,1324291.875,0.0,2.2692999839782715,1398593.125,-0.25,-0.0,0
0.0,0.0,484164.15625,914428.75,0.0,1398592.875,0.0,74298.9453125,1324291.875,0.0,2.2699999809265137,1398593.125,-0.25,-0.0,0
0.0,0.0,484164.15625,914428.75,0.0,1398592.875,0.0,74298.9453125,1324291.875,0.0,2.271399974822998,1398593.125,-0.25,-0.0,0
0.0,0.0,484164.15625,914428.75,0.0,1398592.875,0.0,74298.9453125,1324291.875,0.0,2.271199941635132,1398593.125,-0.25,-0.0,0
0.0,0.0,484164.09375,914428.75,0.0,1398592.875,0.0,74298.9453125,1324292.0,0.0,2.270900011062622,1398593.25,-0.375,-0.0,0
0.0,0.0,484164.0625,914428.75,0.0,1398592.75,0.0,74298.9453125,1324292.0,0.0,2.2708001136779785,1398593.25,-0.5,-0.0,0
0.0,0.0,484164.03125,914428.75,0.0,1398592.75,0.0,74298.9453125,1324292.0,0.0,2.270900011062622,1398593.25,-0.5,-0.0,0
0.0,0.0,484163.96875,914428.75,0.0,1398592.75,0.0,74298.9375,1324291.875,0.0,2.271199941635132,1398593.0,-0.25,-0.0,0
0.0,0.0,484164.03125,914428.75,0.0,1398592.75,0.0,74298.9453125,1324291.875,0.0,2.2711000442504883,1398593.125,-0.375,-0.0,0
0.0,0.0,484164.0,914428.75,0.0,1398592.75,0.0,74298.9453125,1324291.875,0.0,2.271199941635132,1398593.125,-0.375,-0.0,0
0.0,0.0,484164.03125,914428.75,0.0,1398592.75,0.0,74298.9453125,1324291.75,0.0,2.271199941635132,1398593.0,-0.25,-0.0,0
0.0,0.0,484164.0,914428.75,0.0,1398592.75,0.0,74298.9453125,1324291.75,0.0,2.271199941635132,1398593.0,-0.25,-0.0,0
0.0,0.0,484164.125,914428.75,7.147299766540527,1398600.0,0.0,74298.9453125,1324292.0,0.0,9.421899795532227,1398600.375,-0.375,-0.0,0
0.0,0.0,484164.25,914428.75,17.64539909362793,1398610.625,0.0,74298.9453125,1324292.0,0.0,19.917499542236328,1398610.875,-0.25,-0.0,0
0.0,0.0,484164.28125,914428.75,2.6958999633789062,1398595.75,0.0,74298.9453125,1324292.125,0.0,4.967100143432617,1398596.125,-0.375,-0.0,0
0.0,0.0,484164.40625,914428.75,0.0,1398593.125,0.0,74298.9453125,1324292.25,0.0,2.271199941635132,1398593.5,-0.375,-0.0,0
0.0,0.0,484164.53125,914428.75,0.0,1398593.25,0.0,74298.9453125,1324292.375,0.0,2.271199941635132,1398593.625,-0.375,-0.0,0
0.0,0.0,484164.1875,914428.75,0.0,1398593.0,0.0,74298.9453125,1324292.0,0.0,2.2648000717163086,1398593.25,-0.25,-0.0,0
0.0,0.0,484164.28125,914428.75,0.0,1398593.0,0.0,74298.9296875,1324292.125,0.0,2.271199941635132,1398593.25,-0.25,-0.0,0
0.0,0.0,484164.1875,914428.75,0.0,1398593.0,0.0,74298.9453125,1324292.0,0.0,2.26419997215271,1398593.25,-0.25,-0.0,0
0.0,0.0,484164.1875,914428.75,0.0,1398593.0,0.0,74298.9453125,1324292.0,0.0,2.2664999961853027,1398593.25,-0.25,-0.0,0
0.0,0.0,484164.1875,914428.75,0.0,1398593.0,0.0,74298.9453125,1324292.0,0.0,2.268399953842163,1398593.25,-0.25,-0.0,0
0.0,0.0,484164.1875,914428.75,0.0,1398593.0,0.0,74298.9453125,1324291.875,0.0,2.2692999839782715,1398593.125,-0.125,-0.0,0
0.0,0.0,484164.1875,914428.75,0.0,1398593.0,0.0,74298.9453125,1324291.875,0.0,2.269700050354004,1398593.125,-0.125,-0.0,0
0.0,0.0,484164.15625,914428.75,0.0,1398592.875,0.0,74298.9453125,1324292.0,0.0,2.2708001136779785,1398593.25,-0.375,-0.0,0
0.0,0.0,484164.1875,914428.75,0.0,1398593.0,0.0,74298.9453125,1324291.875,0.0,2.271199941635132,1398593.125,-0.125,-0.0,0
0.0,0.0,484164.125,914428.75,0.0,1398592.875,0.0,74298.9453125,1324292.0,0.0,2.270900011062622,1398593.25,-0.375,-0.0,0
0.0,0.0,484164.125,914428.75,0.0,1398592.875,0.0,74298.9453125,1324291.875,0.0,2.271199941635132,1398593.125,-0.25,-0.0,0
0.0,0.0,484164.0625,914428.75,0.0,1398592.75,0.0,74298.9453125,1324292.0,0.0,2.2711000442504883,1398593.25,-0.5,-0.0,0
0.0,0.0,484163.875,914428.75,8.876099586486816,1398601.5,0.0,74298.8125,1324291.875,0.0,11.14739990234375,1398601.875,-0.375,-0.0,0
0.0,0.0,484164.34375,914428.75,3.6530001163482666,1398596.75,0.0,74298.9453125,1324292.25,0.0,5.924600124359131,1398597.125,-0.375,-0.0,0
0.0,0.0,484164.03125,914428.75,0.0,1398592.75,0.0,74298.9453125,1324291.875,0.0,2.271199941635132,1398593.125,-0.375,-0.0,0
0.0,0.0,484164.03125,914428.75,0.0,1398592.75,0.0,74298.9453125,1324291.875,0.0,2.271199941635132,1398593.125,-0.375,-0.0,0
0.0,0.0,484164.0,914428.75,0.0,1398592.75,0.0,74298.9453125,1324291.875,0.0,2.270900011062622,1398593.125,-0.375,-0.0,0
0.0,0.0,484164.46875,914428.75,14.416500091552734,1398607.625,0.0,74298.9453125,1324292.125,0.0,16.687700271606445,1398607.875,-0.25,-0.0,0
0.0,0.0,484164.0,914428.75,0.0,1398592.75,0.0,74298.9453125,1324291.75,0.0,2.2741000652313232,1398593.0,-0.25,-0.0,0
0.0,0.0,484164.25,914428.75,0.0,1398593.0,0.0,74298.9453125,1324292.0,0.0,2.271199941635132,1398593.25,-0.25,-0.0,0
0.0,0.0,484164.53125,914428.75,1.0164999961853027,1398594.25,0.0,74298.9453125,1324292.25,0.0,3.315200090408325,1398594.625,-0.375,-0.0,0
0.0,0.0,484164.46875,914428.75,0.0,1398593.25,0.0,74298.9453125,1324292.375,0.0,2.271199941635132,1398593.625,-0.375,-0.0,0
0.0,0.0,484164.5625,914428.75,0.0,1398593.25,0.0,74298.9453125,1324292.5,0.0,2.271199941635132,1398593.75,-0.5,-0.0,0
0.0,0.0,484164.1875,914428.75,0.0,1398593.0,0.0,74298.9453125,1324292.0,0.0,2.2706000804901123,1398593.25,-0.25,-0.0,0
0.0,0.0,484164.25,914428.75,0.0,1398593.0,0.0,74298.9453125,1324292.125,0.0,2.271199941635132,1398593.375,-0.375,-0.0,0
0.0,0.0,484164.21875,914428.75,0.0,1398593.0,0.0,74298.9453125,1324292.125,0.0,2.270699977874756,1398593.375,-0.375,-0.0,0
0.0,0.0,484164.1875,914428.75,0.0,1398593.0,0.0,74298.9453125,1324291.875,0.0,2.271199941635132,1398593.125,-0.125,-0.0,0
0.0,0.0,484164.125,914428.75,0.0,1398592.875,0.0,74298.9453125,1324292.0,0.0,2.2711000442504883,1398593.25,-0.375,-0.0,0
0.0,0.0,484164.15625,914428.75,0.0,1398592.875,0.0,74298.9453125,1324291.875,0.0,2.271199941635132,1398593.125,-0.25,-0.0,0
0.0,0.0,484164.09375,914428.75,0.0,1398592.875,0.0,74298.9453125,1324292.0,0.0,2.2709999084472656,1398593.25,-0.375,-0.0,0
0.0,0.0,484164.0625,914428.75,0.0,1398592.75,0.0,74298.9453125,1324292.0,0.0,2.271199941635132,1398593.25,-0.5,-0.0,0
0.0,0.0,484164.0625,914428.75,0.0,1398592.75,0.0,74298.9453125,1324291.875,0.0,2.2711000442504883,1398593.125,-0.375,-0.0,0
0.0,0.0,484164.0,914428.75,0.0,1398592.75,0.0,74298.9453125,1324291.875,0.0,2.2711000442504883,1398593.125,-0.375,-0.0,0
0.0,0.0,484163.96875,914428.75,6.025199890136719,1398598.75,0.0,74298.9453125,1324291.75,0.0,8.297100067138672,1398599.0,-0.25,-0.0,0
0.0,0.0,484164.09375,914428.75,0.03906000033020973,1398592.875,0.0,74298.9453125,1324292.0,0.0,2.3131000995635986,1398593.375,-0.5,-0.0,0
0.0,0.0,484164.125,914428.75,3.0058999061584473,1398595.875,0.0,74298.9453125,1324292.0,0.0,5.2795000076293945,1398596.25,-0.375,-0.0,0
0.0,0.0,484164.125,914428.75,1.2978999614715576,1398594.125,0.0,74298.9453125,1324292.0,0.0,3.5741000175476074,1398594.625,-0.5,-0.0,0
0.0,0.0,484164.40625,914428.75,0.0,1398593.125,0.0,74298.9453125,1324292.25,0.0,2.271199941635132,1398593.5,-0.375,-0.0,0
0.0,0.0,484164.5625,914428.75,0.0,1398593.25,0.0,74298.9453125,1324292.5,0.0,2.271199941635132,1398593.75,-0.5,-0.0,0
0.0,0.0,484164.65625,914428.75,0.0,1398593.375,0.0,74298.9453125,1324292.5,0.0,2.271199941635132,1398593.75,-0.375,-0.0,0
0.0,0.0,484164.625,914428.75,0.0,1398593.375,0.0,74298.9453125,1324292.5,0.0,2.271199941635132,1398593.75,-0.375,-0.0,0
0.0,0.0,484164.5625,914428.75,0.0,1398593.25,0.0,74298.9453125,1324292.5,0.0,2.271199941635132,1398593.75,-0.5,-0.0,0
0.0,0.0,484164.1875,914428.75,0.0,1398593.0,0.0,74298.9453125,1324292.0,0.0,2.2711000442504883,1398593.25,-0.25,-0.0,0
0.0,0.0,484164.1875,914428.75,0.0,1398593.0,0.0,74298.9453125,1324291.875,0.0,2.271199941635132,1398593.125,-0.125,-0.0,0
0.0,0.0,484164.125,914428.75,0.0,1398592.875,0.0,74298.9453125,1324292.0,0.0,2.271199941635132,1398593.25,-0.375,-0.0,0
0.0,0.0,484164.125,914428.75,0.0,1398592.875,0.0,74298.9453125,1324292.0,0.0,2.271199941635132,1398593.25,-0.375,-0.0,0
0.0,0.0,484163.875,914428.75,0.0,1398592.625,0.0,74298.9453125,1324291.75,0.0,2.271199941635132,1398593.0,-0.375,-0.0,0
0.0,0.0,484164.15625,914428.75,0.0,1398592.875,0.0,74298.9453125,1324291.875,0.0,2.271199941635132,1398593.125,-0.25,-0.0,0
0.0,0.0,484164.28125,914428.75,4.430500030517578,1398597.375,0.0,74298.9453125,1324292.0,0.0,6.7017998695373535,1398597.75,-0.375,-0.0,0
0.0,0.0,484164.40625,914428.75,17.013900756835938,1398610.125,0.0,74298.9453125,1324292.25,0.0,19.285600662231445,1398610.5,-0.375,-0.0,0
0.0,0.0,484164.28125,914428.75,0.0,1398593.0,0.0,74298.9453125,1324292.125,0.0,2.271199941635132,1398593.375,-0.375,-0.0,0
0.0,0.0,484164.25,914428.75,2.788100004196167,1398595.75,0.0,74298.9453125,1324292.125,0.0,5.0594000816345215,1398596.125,-0.375,-0.0,0
0.0,0.0,484164.71875,914428.75,5.565299987792969,1398599.125,0.0,74298.9453125,1324292.5,0.0,7.856800079345703,1398599.375,-0.25,-0.0,0
0.0,0.0,484164.75,914428.75,0.0,1398593.5,0.0,74298.9453125,1324292.625,0.0,2.2711000442504883,1398593.875,-0.375,-0.0,0
0.0,0.0,484164.78125,914428.75,0.0,1398593.5,0.0,74298.9453125,1324292.625,0.0,2.271199941635132,1398593.875,-0.375,-0.0,0
0.0,0.0,484164.78125,914428.75,0.0,1398593.5,0.0,74298.9453125,1324292.5,0.0,2.271199941635132,1398593.75,-0.25,-0.0,0
0.0,0.0,484164.71875,914428.75,0.0,1398593.5,0.0,74298.9453125,1324292.375,0.0,2.271199941635132,1398593.625,-0.125,-0.0,0
0.0,0.0,484163.875,914428.75,13.999600410461426,1398606.625,0.0,74298.9453125,1324291.75,0.0,16.272199630737305,1398607.0,-0.375,-0.0,0
0.0,0.0,484164.15625,914428.75,0.0,1398592.875,0.0,74298.9453125,1324292.0,0.0,2.2709999084472656,1398593.25,-0.375,-0.0,0
0.0,0.0,484164.15625,914428.75,0.0,1398592.875,0.0,74298.9453125,1324292.0,0.0,2.271199941635132,1398593.25,-0.375,-0.0,0
0.0,0.0,484164.1875,914428.75,0.0,1398593.0,0.0,74298.9453125,1324292.125,0.0,2.2709999084472656,1398593.375,-0.375,-0.0,0
0.0,0.0,484164.3125,914428.75,0.0,1398593.0,0.0,74298.9453125,1324292.0,0.0,2.271199941635132,1398593.25,-0.25,-0.0,0
0.0,0.0,484164.21875,914428.75,3.7572999000549316,1398596.75,0.0,74298.9453125,1324292.0,0.0,6.028500080108643,1398597.0,-0.25,-0.0,0
0.0,0.0,484164.28125,914428.75,0.0,1398593.0,0.0,74298.9453125,1324292.125,0.0,2.271199941635132,1398593.375,-0.375,-0.0,0
0.0,0.0,484164.40625,914428.75,0.0,1398593.125,0.0,74298.9453125,1324292.125,0.0,2.271199941635132,1398593.375,-0.25,-0.0,0
0.0,0.0,484164.65625,914428.75,8.12440013885498,1398601.5,0.0,74298.9453125,1324292.5,0.0,10.396900177001953,1398601.875,-0.375,-0.0,0
0.0,0.0,484166.5,914428.75,14.1274995803833,1398609.375,0.0,74298.9453125,1324294.375,0.0,16.398700714111328,1398609.75,-0.375,-0.0,0
0.0,0.0,484164.875,914428.75,0.0,1398593.625,0.0,74298.9453125,1324292.75,0.0,2.271199941635132,1398594.0,-0.375,-0.0,0
0.0,0.0,484163.6875,914428.75,0.0,1398592.5,0.0,74298.9453125,1324291.625,0.0,2.271199941635132,1398592.875,-0.375,-0.0,0
0.0,0.0,484164.875,914428.75,0.0,1398593.625,0.0,74298.9453125,1324292.625,0.0,2.271199941635132,1398593.875,-0.25,-0.0,0
0.0,0.0,484164.75,914428.75,0.0,1398593.5,0.0,74298.9453125,1324292.5,0.0,2.271199941635132,1398593.75,-0.25,-0.0,0
0.0,0.0,484164.625,914428.75,0.0,1398593.375,0.0,74298.9453125,1324292.375,0.0,2.271199941635132,1398593.625,-0.25,-0.0,0
0.0,0.0,484164.53125,914428.75,0.0,1398593.25,0.0,74298.9453125,1324292.25,0.0,2.271199941635132,1398593.5,-0.25,-0.0,0
0.0,0.0,484164.15625,914428.75,0.0,1398592.875,0.0,74298.9453125,1324292.0,0.0,2.2711000442504883,1398593.25,-0.375,-0.0,0
0.0,0.0,484164.1875,914428.75,0.0,1398593.0,0.0,74298.9453125,1324292.125,0.0,2.271199941635132,1398593.375,-0.375,-0.0,0
0.0,0.0,484164.25,914428.75,0.0,1398593.0,0.0,74298.9453125,1324291.875,0.0,2.2713000774383545,1398593.125,-0.125,-0.0,0
0.0,0.0,484164.3125,914428.75,0.0,1398593.0,0.0,74298.9453125,1324292.0,0.0,2.271199941635132,1398593.25,-0.25,-0.0,0
0.0,0.0,484164.34375,914428.75,0.0,1398593.125,0.0,74298.9453125,1324292.125,0.0,2.271199941635132,1398593.375,-0.25,-0.0,0
0.0,0.0,484164.375,914428.75,0.0,1398593.125,0.0,74298.9453125,1324292.25,0.0,2.271199941635132,1398593.5,-0.375,-0.0,0
0.0,0.0,484163.625,914428.75,0.0,1398592.375,0.0,74298.9453125,1324291.5,0.0,2.271199941635132,1398592.75,-0.375,-0.0,0
0.0,0.0,484164.53125,914428.75,0.0,1398593.25,0.0,74298.9453125,1324292.375,0.0,2.271199941635132,1398593.625,-0.375,-0.0,0
0.0,0.0,484164.625,914428.75,0.0,1398593.375,0.0,74298.9453125,1324292.5,0.0,2.271199941635132,1398593.75,-0.375,-0.0,0
0.0,0.0,484164.78125,914428.75,6.366799831390381,1398599.875,0.0,74298.9453125,1324292.625,0.0,8.639300346374512,1398600.25,-0.375,-0.0,0
0.0,0.0,484164.78125,914428.75,0.0,1398593.5,0.0,74298.9453125,1324292.625,0.0,2.271199941635132,1398593.875,-0.375,-0.0,0
0.0,0.0,484164.78125,914428.75,0.0,1398593.5,0.0,74298.9453125,1324292.5,0.0,2.271199941635132,1398593.75,-0.25,-0.0,0
0.0,0.0,484168.65625,914428.75,58.97610092163086,1398656.375,0.0,74298.9453125,1324296.5,0.0,61.25450134277344,1398656.75,-0.375,-0.0,0
0.0,0.0,484164.59375,914428.75,55.48550033569336,1398648.875,0.0,74298.9453125,1324292.375,0.0,57.75680160522461,1398649.125,-0.25,-0.0,0
0.0,0.0,484164.46875,914428.75,0.0,1398593.25,0.0,74298.9453125,1324292.125,0.0,2.271199941635132,1398593.375,-0.125,-0.0,0
0.0,0.0,484164.15625,914428.75,0.0,1398592.875,0.0,74298.9453125,1324292.0,0.0,2.2711000442504883,1398593.25,-0.375,-0.0,0
0.0,0.0,484164.1875,914428.75,0.0,1398593.0,0.0,74298.9453125,1324292.0,0.0,2.271199941635132,1398593.25,-0.25,-0.0,0
0.0,0.0,484163.625,914428.75,0.0,1398592.375,0.0,74298.9453125,1324291.5,0.0,2.271199941635132,1398592.75,-0.375,-0.0,0
0.0,0.0,484164.5,914428.75,0.0,1398593.25,0.0,74298.9453125,1324292.375,0.0,2.271199941635132,1398593.625,-0.375,-0.0,0
0.0,0.0,484164.53125,914428.75,0.0,1398593.25,0.0,74298.9453125,1324292.375,0.0,2.271199941635132,1398593.625,-0.375,-0.0,0
0.0,0.0,484164.5625,914428.75,10.9128999710083,1398604.125,0.0,74298.9453125,1324292.5,0.0,13.184100151062012,1398604.625,-0.5,-0.0,0
0.0,0.0,484164.5625,914428.75,0.0,1398593.25,0.0,74298.9453125,1324292.5,0.0,2.271199941635132,1398593.75,-0.5,-0.0,0
0.0,0.0,484164.5625,914428.75,0.0,1398593.25,0.0,74298.9453125,1324292.25,0.0,2.271199941635132,1398593.5,-0.25,-0.0,0
0.0,0.0,484164.53125,914428.75,0.0,1398593.25,0.0,74298.9453125,1324292.25,0.0,2.271199941635132,1398593.5,-0.25,-0.0,0
0.0,0.0,484164.4375,914428.75,0.0,1398593.25,0.0,74298.9453125,1324292.125,0.0,2.271199941635132,1398593.375,-0.125,-0.0,0
0.0,0.0,484164.34375,914428.75,0.0,1398593.125,0.0,74298.9453125,1324292.125,0.0,2.271199941635132,1398593.375,-0.25,-0.0,0
0.0,0.0,484164.40625,914428.75,0.0,1398593.125,0.0,74298.9453125,1324292.25,0.0,2.2709999084472656,1398593.5,-0.375,-0.0,0
0.0,0.0,484164.40625,914428.75,0.0,1398593.125,0.0,74298.9453125,1324292.25,0.0,2.271199941635132,1398593.5,-0.375,-0.0,0
0.0,0.0,484163.6875,914428.75,9.025500297546387,1398601.5,0.0,74298.9453125,1324291.625,0.0,11.296799659729004,1398601.875,-0.375,-0.0,0
0.0,0.0,484164.375,914428.75,0.0,1398593.125,0.0,74298.9453125,1324292.25,0.0,2.271199941635132,1398593.5,-0.375,-0.0,0
0.0,0.0,484164.40625,914428.75,0.0,1398593.125,0.0,74298.9453125,1324292.125,0.0,2.271199941635132,1398593.375,-0.25,-0.0,0
0.0,0.0,484164.3125,914428.75,0.0,1398593.0,0.0,74298.9453125,1324292.25,0.0,2.271199941635132,1398593.5,-0.5,-0.0,0
0.0,0.0,484164.28125,914428.75,0.0,1398593.0,0.0,74298.9453125,1324292.0,0.0,2.271199941635132,1398593.25,-0.25,-0.0,0
0.0,0.0,484164.28125,914428.75,0.0,1398593.0,0.0,74298.9453125,1324292.0,0.0,2.271199941635132,1398593.25,-0.25,-0.0,0
0.0,0.0,484164.21875,914428.75,0.0,1398593.0,0.0,74298.9453125,1324292.125,0.0,2.271199941635132,1398593.375,-0.375,-0.0,0
0.0,0.0,484164.1875,914428.75,0.0,1398593.0,0.0,74298.9453125,1324292.125,0.0,2.271199941635132,1398593.375,-0.375,-0.0,0
0.0,0.0,484164.1875,914428.75,0.0,1398593.0,0.0,74298.9453125,1324291.875,0.0,2.271199941635132,1398593.125,-0.125,-0.0,0
0.0,0.0,484163.8125,914428.75,0.0,1398592.5,0.0,74298.9375,1324291.75,0.0,2.271199941635132,1398593.0,-0.5,-0.0,0
0.0,0.0,484163.875,914428.75,0.0,1398592.625,0.0,74298.5546875,1324292.125,0.0,2.271199941635132,1398592.875,-0.25,-0.0,0
0.0,0.0,484164.0625,914428.75,0.0,1398592.75,0.0,74298.9375,1324292.0,0.0,2.271199941635132,1398593.25,-0.5,-0.0,0
0.0,0.0,484164.21875,914428.75,0.0,1398593.0,0.0,74298.9453125,1324292.125,0.0,2.271199941635132,1398593.375,-0.375,-0.0,0
0.0,0.0,484164.375,914428.75,5.353700160980225,1398598.5,0.0,74298.9453125,1324292.25,0.0,7.625,1398598.875,-0.375,-0.0,0
0.0,0.0,484164.5625,914428.75,0.0,1398593.25,0.0,74298.9453125,1324292.375,0.0,2.271199941635132,1398593.625,-0.375,-0.0,0
0.0,0.0,484164.5625,914428.75,0.0,1398593.25,0.0,74298.9453125,1324292.375,0.0,2.271199941635132,1398593.625,-0.375,-0.0,0
0.0,0.0,484164.28125,914428.75,0.0,1398593.0,0.0,74298.9453125,1324292.125,0.0,2.271199941635132,1398593.375,-0.375,-0.0,0
0.0,0.0,484164.0625,914428.75,3.97160005569458,1398596.75,0.0,74298.9453125,1324291.875,0.0,6.2428998947143555,1398597.125,-0.375,-0.0,0
0.0,0.0,484163.8125,914428.75,0.0,1398592.5,0.0,74298.9453125,1324291.625,0.0,2.271199941635132,1398592.875,-0.375,-0.0,0
0.0,0.0,484163.71875,914428.75,0.682200014591217,1398593.125,0.0,74298.9453125,1324291.5,0.0,2.9535000324249268,1398593.5,-0.375,-0.0,0
0.0,0.0,484163.625,914428.75,0.0,1398592.375,0.0,74298.9453125,1324291.5,0.0,2.271199941635132,1398592.75,-0.375,-0.0,0
0.0,0.0,484163.96875,914428.75,0.0,1398592.75,0.0,74298.3515625,1324292.5,0.0,2.271199941635132,1398593.125,-0.375,-0.0,0
0.0,0.0,484163.71875,914428.75,0.0,1398592.5,0.0,74298.9453125,1324291.5,0.0,2.271199941635132,1398592.75,-0.25,-0.0,0
0.0,0.0,484164.28125,914428.75,27.843799591064453,1398620.875,0.0,74298.9375,1324292.0,0.0,30.116500854492188,1398621.125,-0.25,-0.0,0
0.0,0.0,484163.84375,914428.75,0.0,1398592.625,0.0,74298.9375,1324291.75,0.0,2.271199941635132,1398593.0,-0.375,-0.0,0
0.0,0.0,484164.0625,914428.75,0.0,1398592.75,0.0,74298.9375,1324292.0,0.0,2.271199941635132,1398593.25,-0.5,-0.0,0
0.0,0.0,484164.28125,914428.75,0.0,1398593.0,0.0,74298.9296875,1324292.25,0.0,2.271199941635132,1398593.375,-0.375,-0.0,0
0.0,0.0,484164.375,914428.75,0.0,1398593.125,0.0,74298.9453125,1324292.25,0.0,2.271199941635132,1398593.5,-0.375,-0.0,0
0.0,0.0,484164.5625,914428.75,0.0,1398593.25,0.0,74298.9453125,1324292.5,0.0,2.271199941635132,1398593.75,-0.5,-0.0,0
0.0,0.0,484164.75,914428.75,0.0,1398593.5,0.0,74298.9453125,1324292.625,0.0,2.271199941635132,1398593.875,-0.375,-0.0,0
0.0,0.0,484164.4375,914428.75,0.0,1398593.25,0.0,74298.9453125,1324292.375,0.0,2.271199941635132,1398593.625,-0.375,-0.0,0
0.0,0.0,484164.0625,914428.75,0.0,1398592.75,0.0,74298.9453125,1324292.0,0.0,2.271199941635132,1398593.25,-0.5,-0.0,0
