STORAGE_IN,CONSTANT_HEAD_IN,RIVER_LEAKAGE_IN,RECHARGE_IN,MNW2_IN,TOTAL_IN,STORAGE_OUT,CONSTANT_HEAD_OUT,RIVER_LEAKAGE_OUT,RECHARGE_OUT,MNW2_OUT,TOTAL_OUT,IN-OUT,PERCENT_DISCREPANCY,datetime,leakage
0.0,0.0,484283.56,914428.75,2919.8748,1401632.1,0.0,74297.98,1324439.6,0.0,2899.3977,1401637.0,-4.875,-0.0,1971-01-01 00:00:00.000000,-840156.06
0.5948,0.0,472010.66,2210374.5,2263.725,2684649.5,1214240.9,77540.36,1390627.6,0.0,2250.4,2684659.5,-10.0,-0.0,1971-02-01 00:00:00.000000,-918617.0
0.0,0.0,467344.1,2210374.5,2282.1008,2680000.5,1188932.4,79333.04,1409473.4,0.0,2269.4338,2680008.2,-7.75,-0.0,1971-03-01 00:00:00.000000,-942129.25
0.0,0.0,463575.72,2210374.5,2299.33,2676249.5,1166148.8,80854.5,1426967.8,0.0,2286.1116,2676257.0,-7.5,-0.0,1971-04-01 00:00:00.000000,-963392.0
0.0,0.0,460515.9,2210374.5,2309.5415,2673200.0,1146812.0,82063.6,1442035.6,0.0,2295.9731,2673207.2,-7.25,-0.0,1971-05-01 00:00:00.000000,-981519.75
941642.25,0.0,477837.44,0.0,2322.1477,1421801.9,0.0,77578.96,1341925.9,0.0,2307.1487,1421812.0,-10.125,-0.0,1971-06-01 00:00:00.000000,-864088.44
912323.5,0.0,483810.6,0.0,2324.2876,1398458.4,0.0,75263.99,1320894.4,0.0,2309.093,1398467.5,-9.125,-0.0,1971-07-01 00:00:00.000000,-837083.75
889858.5,0.0,487955.03,0.0,2319.4646,1380133.0,0.0,73555.98,1304281.9,0.0,2304.2708,1380142.1,-9.125,-0.0,1971-08-01 00:00:00.000000,-816326.9
871317.06,0.0,491261.75,0.0,2322.7559,1364901.5,0.0,72232.414,1290370.8,0.0,2307.0117,1364910.1,-8.625,-0.0,1971-09-01 00:00:00.000000,-799109.0
855658.2,0.0,494032.0,0.0,2320.5098,1352010.8,0.0,71179.79,1278535.2,0.0,2304.457,1352019.5,-8.75,-0.0,1971-10-01 00:00:00.000000,-784503.25
841092.8,0.0,496616.0,0.0,2313.5698,1340022.4,0.0,70249.48,1267484.5,0.0,2297.3032,1340031.2,-8.875,-0.0,1971-11-01 00:00:00.000000,-770868.5
828130.7,0.0,498936.56,0.0,2303.4111,1329370.6,0.0,69464.67,1257627.5,0.0,2287.5725,1329379.8,-9.125,-0.0,1971-12-01 00:00:00.000000,-758690.94
0.0026436,0.0,479230.16,2210374.5,2291.2632,2691896.0,1256053.2,74268.94,1359304.8,0.0,2277.9739,2691905.0,-9.0,-0.0,1972-01-01 00:00:00.000000,-880074.6
0.0,0.0,472291.97,2210374.5,2291.8525,2684958.2,1220794.9,76930.68,1384962.8,0.0,2278.489,2684966.8,-8.5,-0.0,1972-02-01 00:00:00.000000,-912670.75
0.0,0.0,468028.47,2210374.5,2292.1204,2680695.0,1196162.9,78704.52,1403555.6,0.0,2279.534,2680702.5,-7.5,-0.0,1972-02-29 00:00:00.000000,-935527.1
0.0,0.0,464287.28,2210374.5,2303.9688,2676965.8,1173027.9,80270.945,1421383.6,0.0,2290.877,2676973.5,-7.75,-0.0,1972-03-31 00:00:00.000000,-957096.4
0.0,0.0,461192.88,2210374.5,2313.0652,2673880.5,1153196.1,81533.71,1436857.9,0.0,2299.7488,2673887.5,-7.0,-0.0,1972-04-30 00:00:00.000000,-975665.0
935832.94,0.0,478524.7,0.0,2326.1687,1416683.8,0.0,77106.24,1337274.8,0.0,2311.2036,1416692.2,-8.5,-0.0,1972-05-31 00:00:00.000000,-858750.06
906957.3,0.0,484470.12,0.0,2322.2354,1393749.8,0.0,74834.92,1316616.6,0.0,2306.9285,1393758.4,-8.625,-0.0,1972-06-30 00:00:00.000000,-832146.5
884894.7,0.0,488588.22,0.0,2324.728,1375807.6,0.0,73169.94,1300336.9,0.0,2309.537,1375816.2,-8.625,-0.0,1972-07-31 00:00:00.000000,-811748.6
866699.7,0.0,491870.0,0.0,2326.373,1360896.1,0.055385,71883.4,1286711.6,0.0,2309.6143,1360904.8,-8.625,-0.0,1972-08-31 00:00:00.000000,-794841.6
851337.1,0.0,494615.88,0.0,2315.9382,1348269.0,0.00077732,70858.81,1275118.6,0.0,2300.861,1348278.4,-9.375,-0.0,1972-09-30 00:00:00.000000,-780502.75
837048.3,0.0,497178.66,0.0,2303.2666,1336530.2,0.0,69957.1,1264283.4,0.0,2297.0847,1336537.6,-7.375,-0.0,1972-10-31 00:00:00.000000,-767104.75
824304.25,0.0,499479.22,0.0,2300.4895,1326084.0,0.0,69195.08,1254613.4,0.0,2284.6404,1326093.1,-9.125,-0.0,1972-11-30 00:00:00.000000,-755134.1
0.0025113,0.0,479701.6,2210374.5,2289.2048,2692365.2,1259707.5,74019.01,1356371.9,0.0,2275.6829,2692374.2,-9.0,-0.0,1972-12-31 00:00:00.000000,-876670.25
0.0,0.0,472733.2,2210374.5,2292.23,2685400.0,1224268.8,76698.82,1382162.4,0.0,2278.5513,2685408.5,-8.5,-0.0,1973-01-31 00:00:00.000000,-909429.2
0.0,0.0,468445.03,2210374.5,2287.1035,2681106.5,1199489.0,78486.67,1400863.8,0.0,2274.6692,2681114.2,-7.75,-0.0,1973-02-28 00:00:00.000000,-932418.75
0.0,0.0,464680.94,2210374.5,2296.9834,2677352.5,1176203.1,80067.48,1418805.0,0.0,2283.8909,2677359.5,-7.0,-0.0,1973-03-31 00:00:00.000000,-954124.06
0.0,0.0,461570.75,2210374.5,2309.9736,2674255.2,1156237.2,81342.78,1434384.4,0.0,2297.035,2674261.5,-6.25,-0.0,1973-04-30 00:00:00.000000,-972813.6
932947.9,0.0,478920.8,0.0,2322.8508,1414191.6,0.0,76928.13,1334964.2,0.0,2307.787,1414200.1,-8.5,-0.0,1973-05-31 00:00:00.000000,-856043.44
904188.8,0.0,484864.78,0.0,2321.4116,1391375.0,0.0,74666.26,1314411.8,0.0,2305.9753,1391384.0,-9.0,-0.0,1973-06-30 00:00:00.000000,-829547.0
882237.8,0.0,488979.97,0.0,2323.6838,1373541.4,0.0,73011.625,1298230.1,0.0,2308.5952,1373550.4,-9.0,-0.0,1973-07-31 00:00:00.000000,-809250.1
864147.1,0.0,492258.75,0.0,2324.7065,1358730.6,0.050531,71734.414,1284696.6,0.0,2307.9565,1358739.1,-8.5,-0.0,1973-08-31 00:00:00.000000,-792437.9
848876.1,0.0,495000.4,0.0,2314.0325,1346190.5,0.0,70716.805,1273184.2,0.0,2298.6328,1346199.6,-9.125,-0.0,1973-09-30 00:00:00.000000,-778183.9
834660.4,0.0,497558.1,0.0,2308.5674,1334527.1,0.0,69823.195,1262423.4,0.0,2292.0022,1334538.6,-11.5,-0.0,1973-10-31 00:00:00.000000,-764865.25
822009.1,0.0,499853.75,0.0,2297.9246,1324160.8,0.0,69067.94,1252819.6,0.0,2282.0913,1324169.6,-8.875,-0.0,1973-11-30 00:00:00.000000,-752965.9
0.0026985,0.0,480036.0,2210374.5,2286.2378,2692696.8,1261948.9,73897.46,1354586.5,0.0,2272.9556,2692706.0,-9.25,-0.0,1973-12-31 00:00:00.000000,-874550.5
0.0,0.0,473053.0,2210374.5,2289.8442,2685717.2,1226446.2,76582.51,1380421.2,0.0,2276.1033,2685726.0,-8.75,-0.0,1974-01-31 00:00:00.000000,-907368.25
0.0,0.0,468752.6,2210374.5,2285.669,2681412.8,1201607.8,78375.03,1399164.1,0.0,2273.273,2681420.2,-7.5,-0.0,1974-02-28 00:00:00.000000,-930411.5
0.0,0.0,464974.56,2210374.5,2297.4329,2677646.5,1178263.1,79960.55,1417145.5,0.0,2284.268,2677653.2,-6.75,-0.0,1974-03-31 00:00:00.000000,-952170.94
0.0,0.0,461856.72,2210374.5,2309.3643,2674540.5,1158245.5,81240.18,1432765.5,0.0,2296.2363,2674547.2,-6.75,-0.0,1974-04-30 00:00:00.000000,-970908.75
931015.2,0.0,479223.0,0.0,2320.4465,1412558.8,0.0,76830.43,1333431.8,0.0,2305.6592,1412567.8,-9.0,-0.0,1974-05-31 00:00:00.000000,-854208.75
902308.8,0.0,485169.22,0.0,2321.202,1389799.2,0.0,74572.2,1312929.9,0.0,2305.8054,1389807.9,-8.625,-0.0,1974-06-30 00:00:00.000000,-827760.6
880410.7,0.0,489284.16,0.0,2320.3528,1372015.2,0.014069,72921.48,1296797.5,0.0,2305.055,1372024.0,-8.75,-0.0,1974-07-31 00:00:00.000000,-807513.4
862369.44,0.0,492562.75,0.0,2323.1284,1357255.4,0.0,71647.87,1283310.0,0.0,2306.5796,1357264.5,-9.125,-0.0,1974-08-31 00:00:00.000000,-790747.25
847144.0,0.0,495303.62,0.0,2312.8965,1344760.5,0.0,70633.33,1271839.0,0.0,2296.9692,1344769.4,-8.875,-0.0,1974-09-30 00:00:00.000000,-776535.4
832974.44,0.0,497858.34,0.0,2307.0266,1333139.8,0.00015034,69743.02,1261115.4,0.0,2290.9998,1333149.4,-9.625,-0.0,1974-10-31 00:00:00.000000,-763257.0
820361.25,0.0,500152.28,0.0,2296.305,1322809.8,0.0,68990.85,1251547.6,0.0,2280.4246,1322818.9,-9.125,-0.0,1974-11-30 00:00:00.000000,-751395.4
0.0,0.0,480305.28,2210374.5,2282.634,2692962.5,1263570.9,73822.7,1353308.2,0.0,2269.5342,2692971.5,-9.0,-0.0,1974-12-31 00:00:00.000000,-873003.0
0.0,0.0,473311.9,2210374.5,2287.5125,2685974.0,1228035.5,76509.766,1379163.2,0.0,2273.9382,2685982.5,-8.5,-0.0,1975-01-31 00:00:00.000000,-905851.4
0.0,0.0,469002.97,2210374.5,2284.6243,2681662.0,1203167.1,78304.77,1397925.2,0.0,2272.2715,2681669.2,-7.25,-0.0,1975-02-28 00:00:00.000000,-928922.25
0.0,0.0,465215.16,2210374.5,2295.6733,2677885.5,1179789.8,79892.336,1415927.9,0.0,2282.326,2677892.2,-6.75,-0.0,1975-03-31 00:00:00.000000,-950712.75
0.0,0.0,462092.0,2210374.5,2307.6084,2674774.0,1159741.6,81174.016,1431571.0,0.0,2294.503,2674781.0,-7.0,-0.0,1975-04-30 00:00:00.000000,-969479.0
929564.1,0.0,479472.44,0.0,2318.9792,1411355.5,0.0,76766.75,1332293.4,0.0,2304.139,1411364.2,-8.75,-0.0,1975-05-31 00:00:00.000000,-852820.94
900887.8,0.0,485420.62,0.0,2319.1277,1388627.6,0.0,74510.37,1311822.2,0.0,2303.838,1388636.5,-8.875,-0.0,1975-06-30 00:00:00.000000,-826401.6
879021.1,0.0,489535.5,0.0,2318.7612,1370875.4,0.014063,72861.6,1295719.4,0.0,2303.7942,1370884.8,-9.375,-0.0,1975-07-31 00:00:00.000000,-806183.9
861011.2,0.0,492815.4,0.0,2321.736,1356148.4,0.0,71589.79,1282261.9,0.0,2305.209,1356156.9,-8.5,-0.0,1975-08-31 00:00:00.000000,-789446.5
845812.0,0.0,495556.1,0.0,2311.559,1343679.6,0.0,70576.9,1270816.6,0.0,2295.6504,1343689.1,-9.5,-0.0,1975-09-30 00:00:00.000000,-775260.5
831671.8,0.0,498109.38,0.0,2304.8704,1332086.1,0.0,69688.31,1260118.1,0.0,2288.7896,1332095.2,-9.125,-0.0,1975-10-31 00:00:00.000000,-762008.75
819084.4,0.0,500401.88,0.0,2300.3672,1321786.6,0.017228,68937.87,1250572.5,0.0,2284.9558,1321795.4,-8.75,-0.0,1975-11-30 00:00:00.000000,-750170.6
0.0,0.0,480532.2,2210374.5,2286.8926,2693193.8,1264834.9,73770.91,1352322.6,0.0,2274.011,2693202.5,-8.75,-0.0,1975-12-31 00:00:00.000000,-871790.44
0.0,0.0,473529.06,2210374.5,2293.8809,2686197.5,1229278.4,76458.984,1378188.5,0.0,2280.2656,2686206.2,-8.75,-0.0,1976-01-31 00:00:00.000000,-904659.44
0.0,0.0,469214.47,2210374.5,2289.675,2681878.8,1204392.2,78255.42,1396961.1,0.0,2277.4692,2681886.2,-7.5,-0.0,1976-02-28 00:00:00.000000,-927746.6
0.0,0.0,465419.2,2210374.5,2300.9001,2678094.8,1180992.2,79844.16,1414978.1,0.0,2287.7268,2678102.2,-7.5,-0.0,1976-03-30 00:00:00.000000,-949558.94
0.0,0.0,462291.47,2210374.5,2311.4602,2674977.5,1160924.8,81126.95,1430633.6,0.0,2298.6724,2674984.2,-6.75,-0.0,1976-04-29 00:00:00.000000,-968342.1
928412.4,0.0,479684.38,0.0,2322.3105,1410419.0,0.0,76721.19,1331397.8,0.0,2307.9568,1410427.0,-8.0,-0.0,1976-05-30 00:00:00.000000,-851713.4
899756.5,0.0,485634.1,0.0,2323.8352,1387714.5,0.0,74465.86,1310948.0,0.0,2308.809,1387722.6,-8.125,-0.0,1976-06-29 00:00:00.000000,-825313.9
877922.56,0.0,489749.25,0.0,2315.6204,1369987.4,0.015669,72818.29,1294865.4,0.0,2310.0903,1369993.8,-6.375,-0.0,1976-07-30 00:00:00.000000,-805116.1
859920.94,0.0,493030.62,0.0,2326.4023,1355277.9,0.0,71547.53,1281428.8,0.0,2310.1191,1355286.4,-8.5,-0.0,1976-08-30 00:00:00.000000,-788398.1
844741.9,0.0,495771.3,0.0,2315.8945,1342829.1,0.0,70535.69,1270002.1,0.0,2300.245,1342838.0,-8.875,-0.0,1976-09-29 00:00:00.000000,-774230.8
830620.0,0.0,498323.56,0.0,2309.2556,1331252.8,0.0,69648.164,1259320.2,0.0,2293.4272,1331261.8,-9.0,-0.0,1976-10-30 00:00:00.000000,-760996.7
818049.25,0.0,500614.8,0.0,2291.6907,1320955.8,0.0,68898.75,1249790.6,0.0,2276.1555,1320965.5,-9.75,-0.0,1976-11-29 00:00:00.000000,-749175.8
0.0,0.0,480726.7,2210374.5,2286.256,2693387.5,1265861.1,73732.51,1351530.2,0.0,2272.772,2693396.8,-9.25,-0.0,1976-12-30 00:00:00.000000,-870803.56
0.0,0.0,473715.25,2210374.5,2293.0735,2686382.8,1230288.9,76421.24,1377402.1,0.0,2279.4324,2686391.8,-9.0,-0.0,1977-01-30 00:00:00.000000,-903686.9
0.0,0.0,469396.4,2210374.5,2289.4844,2682060.5,1205391.2,78218.57,1396181.0,0.0,2277.2268,2682068.2,-7.75,-0.0,1977-02-27 00:00:00.000000,-926784.6
0.0,0.0,465594.72,2210374.5,2300.2546,2678269.5,1181974.2,79808.055,1414207.8,0.0,2287.2031,2678277.2,-7.75,-0.0,1977-03-30 00:00:00.000000,-948613.0
0.0,0.0,462463.1,2210374.5,2310.7483,2675148.2,1161894.8,81091.54,1429871.1,0.0,2297.9946,2675155.5,-7.25,-0.0,1977-04-29 00:00:00.000000,-967408.0
927464.5,0.0,479866.88,0.0,2320.3745,1409651.8,0.0,76686.8,1330668.2,0.0,2305.8481,1409660.9,-9.125,-0.0,1977-05-30 00:00:00.000000,-850801.4
898824.2,0.0,485817.88,0.0,2323.112,1386965.1,0.0,74432.12,1310234.0,0.0,2308.0881,1386974.2,-9.125,-0.0,1977-06-29 00:00:00.000000,-824416.1
876996.7,0.0,489933.8,0.0,2323.775,1369254.2,0.014051,72785.36,1294168.2,0.0,2309.047,1369262.6,-8.375,-0.0,1977-07-30 00:00:00.000000,-804234.44
859021.3,0.0,493216.72,0.0,2325.196,1354563.2,0.0,71515.31,1280747.2,0.0,2308.9358,1354571.4,-8.125,-0.0,1977-08-30 00:00:00.000000,-787530.5
843852.56,0.0,495957.3,0.0,2318.393,1342128.2,1.35,70504.16,1269334.2,0.0,2301.6272,1342141.4,-13.125,-0.0,1977-09-29 00:00:00.000000,-773376.94
829749.3,0.0,498508.8,0.0,2307.755,1330565.9,0.0,69617.375,1258665.2,0.0,2292.1448,1330574.8,-8.875,-0.0,1977-10-30 00:00:00.000000,-760156.44
817190.7,0.0,500799.0,0.0,2290.5723,1320280.4,0.0,68868.64,1249147.1,0.0,2275.0435,1320290.8,-10.375,-0.0,1977-11-29 00:00:00.000000,-748348.1
0.0,0.0,480895.16,2210374.5,2288.9778,2693558.8,1266713.8,73702.89,1350876.2,0.0,2274.7527,2693567.8,-9.0,-0.0,1977-12-30 00:00:00.000000,-869981.1
0.0,0.0,473876.9,2210374.5,2292.05,2686543.5,1231130.4,76392.11,1376751.5,0.0,2278.4155,2686552.5,-9.0,-0.0,1978-01-30 00:00:00.000000,-902874.6
0.0,0.0,469554.56,2210374.5,2288.7004,2682217.8,1206224.5,78190.055,1395534.4,0.0,2276.416,2682225.5,-7.75,-0.0,1978-02-27 00:00:00.000000,-925979.8
0.0,0.0,465747.28,2210374.5,2299.6438,2678421.5,1182794.1,79780.0,1413568.2,0.0,2286.8423,2678429.2,-7.75,-0.0,1978-03-30 00:00:00.000000,-947821.0
0.0,0.0,462612.34,2210374.5,2310.3352,2675297.0,1162705.4,81063.91,1429237.5,0.0,2297.4734,2675304.2,-7.25,-0.0,1978-04-29 00:00:00.000000,-966625.1
926672.94,0.0,480025.7,0.0,2319.9233,1409018.5,0.0,76659.95,1330061.6,0.0,2305.4993,1409027.1,-8.625,-0.0,1978-05-30 00:00:00.000000,-850035.94
898044.2,0.0,485977.8,0.0,2322.1704,1386344.1,0.0,74405.72,1309639.8,0.0,2307.283,1386352.8,-8.625,-0.0,1978-06-29 00:00:00.000000,-823661.94
876227.7,0.0,490094.44,0.0,2323.5215,1368645.6,0.0,72759.555,1293585.9,0.0,2308.6558,1368654.0,-8.375,-0.0,1978-07-30 00:00:00.000000,-803491.44
858264.4,0.0,493378.38,0.0,2324.967,1353967.8,0.0,71490.01,1280177.4,0.0,2308.5254,1353975.9,-8.125,-0.0,1978-08-30 00:00:00.000000,-786799.0
843107.8,0.0,496119.03,0.0,2317.5393,1341544.4,0.0,70479.36,1268775.0,0.0,2300.9355,1341555.2,-10.875,-0.0,1978-09-29 00:00:00.000000,-772656.0
829014.9,0.0,498670.12,0.0,2306.9084,1329991.9,0.0,69593.1,1258116.1,0.0,2291.3042,1330000.5,-8.625,-0.0,1978-10-30 00:00:00.000000,-759446.0
816468.2,0.0,500959.44,0.0,2297.1653,1319724.8,0.0,68844.84,1248607.2,0.0,2281.56,1319733.6,-8.875,-0.0,1978-11-29 00:00:00.000000,-747647.8
0.0,0.0,481042.12,2210374.5,2288.4373,2693705.0,1267434.0,73679.47,1350326.5,0.0,2274.116,2693714.0,-9.0,-0.0,1978-12-30 00:00:00.000000,-869284.4
0.0,0.0,474018.06,2210374.5,2291.3582,2686683.8,1231842.2,76369.04,1376203.6,0.0,2277.739,2686692.8,-9.0,-0.0,1979-01-30 00:00:00.000000,-902185.56
0.0,0.0,469692.7,2210374.5,2287.921,2682355.2,1206929.8,78167.44,1394989.6,0.0,2275.6467,2682362.8,-7.5,-0.0,1979-02-27 00:00:00.000000,-925296.94
0.0,0.0,465880.7,2210374.5,2299.0095,2678554.2,1183489.2,79757.695,1413028.6,0.0,2286.1392,2678561.8,-7.5,-0.0,1979-03-30 00:00:00.000000,-947147.94
0.0,0.0,462742.94,2210374.5,2309.7192,2675427.2,1163393.0,81041.9,1428702.5,0.0,2296.906,2675434.5,-7.25,-0.0,1979-04-29 00:00:00.000000,-965959.56
925997.7,0.0,480164.38,0.0,2319.537,1408481.5,0.0,76638.57,1329548.5,0.0,2305.034,1408492.1,-10.625,-0.0,1979-05-30 00:00:00.000000,-849384.1
897380.2,0.0,486117.8,0.0,2320.6423,1385818.6,0.0,74384.66,1309136.6,0.0,2305.7646,1385827.0,-8.375,-0.0,1979-06-29 00:00:00.000000,-823018.8
875572.9,0.0,490235.25,0.0,2323.6917,1368131.9,0.0,72738.93,1293093.2,0.0,2308.5437,1368140.6,-8.75,-0.0,1979-07-30 00:00:00.000000,-802858.0
857619.1,0.0,493520.1,0.0,2324.1543,1353463.4,0.0,71469.75,1279694.6,0.0,2307.7239,1353472.1,-8.75,-0.0,1979-08-30 00:00:00.000000,-786174.5
842472.0,0.0,496260.56,0.0,2317.0935,1341049.6,0.0,70459.49,1268300.4,0.0,2300.5056,1341060.4,-10.75,-0.0,1979-09-29 00:00:00.000000,-772039.8
828387.94,0.0,498811.75,0.0,2305.997,1329505.8,0.0,69573.62,1257650.2,0.0,2290.3962,1329514.2,-8.5,-0.0,1979-10-30 00:00:00.000000,-758838.5
815849.5,0.0,501100.25,0.0,2296.3267,1319246.1,0.0,68825.72,1248148.5,0.0,2280.7373,1319255.0,-8.875,-0.0,1979-11-29 00:00:00.000000,-747048.25
0.0,0.0,481171.2,2210374.5,2287.701,2693833.5,1268050.1,73660.625,1349858.5,0.0,2273.3755,2693842.8,-9.25,-0.0,1979-12-30 00:00:00.000000,-868687.3
0.0,0.0,474142.22,2210374.5,2290.6113,2686807.2,1232451.2,76350.45,1375737.1,0.0,2277.2231,2686816.2,-9.0,-0.0,1980-01-30 00:00:00.000000,-901594.9
0.0,0.0,469813.8,2210374.5,2287.3025,2682475.5,1207533.9,78149.22,1394525.0,0.0,2275.0095,2682483.0,-7.5,-0.0,1980-02-27 00:00:00.000000,-924711.2
0.0,0.0,465998.0,2210374.5,2297.928,2678670.5,1184085.2,79739.67,1412568.0,0.0,2285.117,2678678.0,-7.5,-0.0,1980-03-29 00:00:00.000000,-946570.0
0.0,0.0,462857.84,2210374.5,2309.1462,2675541.5,1163982.5,81024.14,1428245.6,0.0,2296.3438,2675548.5,-7.0,-0.0,1980-04-28 00:00:00.000000,-965387.75
925421.7,0.0,480286.56,0.0,2319.64,1408027.9,0.0,76621.26,1329110.8,0.0,2305.0806,1408037.1,-9.25,-0.0,1980-05-29 00:00:00.000000,-848824.2
896809.7,0.0,486241.2,0.0,2319.9956,1385370.9,0.0,74367.6,1308706.8,0.0,2304.9827,1385379.4,-8.5,-0.0,1980-06-28 00:00:00.000000,-822465.56
875021.3,0.0,490359.1,0.0,2316.449,1367696.9,0.0,72722.22,1292670.2,0.0,2310.629,1367703.1,-6.25,-0.0,1980-07-29 00:00:00.000000,-802311.1
857075.56,0.0,493644.47,0.0,2316.2566,1353036.2,0.0,71453.336,1279279.4,0.0,2309.9172,1353042.6,-6.375,-0.0,1980-08-29 00:00:00.000000,-785634.9
841937.25,0.0,496385.1,0.0,2308.553,1340630.9,0.0,70443.37,1267892.2,0.0,2302.5176,1340638.1,-7.25,-0.0,1980-09-28 00:00:00.000000,-771507.1
827846.9,0.0,498936.16,0.0,2305.5017,1329088.5,0.0,69557.805,1257249.8,0.0,2289.8955,1329097.4,-8.875,-0.0,1980-10-29 00:00:00.000000,-758313.6
815315.7,0.0,501224.1,0.0,2295.7432,1318835.5,0.0,68810.18,1247754.0,0.0,2280.155,1318844.2,-8.75,-0.0,1980-11-28 00:00:00.000000,-746529.9
0.0,0.0,481284.97,2210374.5,2287.1482,2693946.8,1268581.8,73645.29,1349456.0,0.0,2272.8176,2693955.8,-9.0,-0.0,1980-12-29 00:00:00.000000,-868171.0
0.0,0.0,474251.56,2210374.5,2290.9583,2686917.0,1232977.9,76335.336,1375335.0,0.0,2277.4685,2686925.8,-8.75,-0.0,1981-01-29 00:00:00.000000,-901083.44
0.0,0.0,469920.78,2210374.5,2284.8513,2682580.0,1208055.2,78134.375,1394125.0,0.0,2272.882,2682587.5,-7.5,-0.0,1981-02-26 00:00:00.000000,-924204.25
0.0,0.0,466101.66,2210374.5,2297.6475,2678774.0,1184600.8,79724.97,1412171.0,0.0,2284.8347,2678781.5,-7.5,-0.0,1981-03-29 00:00:00.000000,-946069.4
0.0,0.0,462959.3,2210374.5,2308.038,2675641.8,1164492.4,81009.66,1427851.5,0.0,2295.1606,2675648.8,-7.0,-0.0,1981-04-28 00:00:00.000000,-964892.2
924920.5,0.0,480394.5,0.0,2315.0588,1407630.0,0.0,76607.125,1328733.0,0.0,2300.5312,1407640.6,-10.625,-0.0,1981-05-29 00:00:00.000000,-848338.5
896315.75,0.0,486350.25,0.0,2319.4858,1384985.5,0.0,74353.664,1308335.8,0.0,2304.4292,1384993.8,-8.25,-0.0,1981-06-28 00:00:00.000000,-821985.5
874523.4,0.0,490469.0,0.0,2322.5984,1367315.0,0.0,72708.54,1292307.5,0.0,2307.611,1367323.6,-8.625,-0.0,1981-07-29 00:00:00.000000,-801838.5
856595.56,0.0,493755.0,0.0,2315.1704,1352665.6,0.028892,71439.875,1278923.1,0.0,2309.097,1352672.1,-6.5,-0.0,1981-08-29 00:00:00.000000,-785168.1
841449.9,0.0,496495.62,0.0,2315.4072,1340260.9,0.0,70430.14,1267542.5,0.0,2299.3215,1340272.0,-11.125,-0.0,1981-09-28 00:00:00.000000,-771046.9
827378.9,0.0,499046.94,0.0,2304.709,1328730.5,0.0,69544.82,1256905.1,0.0,2289.1082,1328739.1,-8.625,-0.0,1981-10-29 00:00:00.000000,-757858.2
814852.8,0.0,501333.97,0.0,2295.051,1318481.8,0.0,68797.42,1247413.9,0.0,2279.4705,1318490.8,-9.0,-0.0,1981-11-28 00:00:00.000000,-746079.9
0.0,0.0,481385.88,2210374.5,2286.4895,2694047.0,1269042.9,73632.695,1349108.2,0.0,2272.2178,2694056.2,-9.25,-0.0,1981-12-29 00:00:00.000000,-867722.4
0.0,0.0,474348.53,2210374.5,2290.5186,2687013.5,1233435.1,76322.93,1374987.2,0.0,2277.0134,2687022.2,-8.75,-0.0,1982-01-29 00:00:00.000000,-900638.75
0.0,0.0,470015.66,2210374.5,2287.126,2682677.5,1208509.4,78122.17,1393778.5,0.0,2274.8535,2682684.8,-7.25,-0.0,1982-02-26 00:00:00.000000,-923762.9
0.0,0.0,466193.56,2210374.5,2297.2402,2678865.2,1185049.1,79712.86,1411826.8,0.0,2284.315,2678873.0,-7.75,-0.0,1982-03-29 00:00:00.000000,-945633.2
0.0,0.0,463049.34,2210374.5,2309.2993,2675733.0,1164935.9,80997.734,1427510.0,0.0,2296.5767,2675740.0,-7.0,-0.0,1982-04-28 00:00:00.000000,-964460.6
924497.75,0.0,480490.1,0.0,2307.741,1407295.6,0.0,76595.484,1328404.4,0.0,2302.073,1407302.0,-6.375,-0.0,1982-05-29 00:00:00.000000,-847914.25
895885.75,0.0,486446.9,0.0,2317.2456,1384649.9,0.0,74342.19,1308013.9,0.0,2302.7375,1384658.8,-8.875,-0.0,1982-06-28 00:00:00.000000,-821567.0
874098.4,0.0,490566.34,0.0,2322.1003,1366986.9,0.0,72697.27,1291991.5,0.0,2307.1155,1366995.9,-9.0,-0.0,1982-07-29 00:00:00.000000,-801425.1
856164.8,0.0,493852.97,0.0,2322.332,1352340.1,0.028223,71428.79,1278613.5,0.0,2306.4995,1352348.9,-8.75,-0.0,1982-08-29 00:00:00.000000,-784760.5
841034.5,0.0,496593.47,0.0,2315.1934,1339943.2,0.0,70419.25,1267236.8,0.0,2299.0317,1339955.0,-11.75,-0.0,1982-09-28 00:00:00.000000,-770643.25
826969.5,0.0,499144.8,0.0,2304.2798,1328418.5,0.0,69534.12,1256604.4,0.0,2288.6826,1328427.1,-8.625,-0.0,1982-10-29 00:00:00.000000,-757459.56
814448.1,0.0,501431.28,0.0,2294.7402,1318174.1,0.0,68786.89,1247117.2,0.0,2279.1663,1318183.2,-9.125,-0.0,1982-11-28 00:00:00.000000,-745686.0
0.0,0.0,481475.44,2210374.5,2286.0203,2694136.0,1269446.4,73622.3,1348804.8,0.0,2271.741,2694145.2,-9.25,-0.0,1982-12-29 00:00:00.000000,-867329.3
0.0,0.0,474434.62,2210374.5,2290.1543,2687099.2,1233835.1,76312.695,1374683.5,0.0,2276.6482,2687108.2,-9.0,-0.0,1983-01-29 00:00:00.000000,-900248.9
0.0,0.0,470100.03,2210374.5,2287.6638,2682762.2,1208906.0,78112.086,1393476.4,0.0,2275.3647,2682769.8,-7.5,-0.0,1983-02-26 00:00:00.000000,-923376.4
0.0,0.0,466275.28,2210374.5,2296.805,2678946.5,1185441.8,79702.85,1411526.0,0.0,2283.7764,2678954.2,-7.75,-0.0,1983-03-29 00:00:00.000000,-945250.75
0.0,0.0,463129.28,2210374.5,2308.9229,2675812.8,1165324.1,80987.88,1427211.6,0.0,2296.1912,2675819.8,-7.0,-0.0,1983-04-28 00:00:00.000000,-964082.4
924116.75,0.0,480575.22,0.0,2309.9705,1407002.0,0.0,76585.88,1328118.0,0.0,2304.3037,1407008.1,-6.125,-0.0,1983-05-29 00:00:00.000000,-847542.75
895509.3,0.0,486532.88,0.0,2316.959,1384359.2,0.0,74332.69,1307732.4,0.0,2302.4465,1384367.5,-8.25,-0.0,1983-06-28 00:00:00.000000,-821199.5
873726.4,0.0,490653.1,0.0,2321.5825,1366701.1,0.0,72687.945,1291715.5,0.0,2306.4434,1366710.0,-8.875,-0.0,1983-07-29 00:00:00.000000,-801062.4
855797.25,0.0,493940.28,0.0,2321.617,1352059.1,0.0,71419.6,1278342.6,0.0,2305.83,1352068.1,-9.0,-0.0,1983-08-29 00:00:00.000000,-784402.4
840673.0,0.0,496680.8,0.0,2314.3086,1339668.0,0.0,70410.21,1266970.5,0.0,2298.2488,1339679.0,-11.0,-0.0,1983-09-28 00:00:00.000000,-770289.7
826610.4,0.0,499232.3,0.0,2303.696,1328146.5,0.0,69525.234,1256342.0,0.0,2288.1038,1328155.4,-8.875,-0.0,1983-10-29 00:00:00.000000,-757109.7
814093.94,0.0,501518.16,0.0,2294.2122,1317906.4,0.0,68778.16,1246858.2,0.0,2278.6448,1317915.0,-8.625,-0.0,1983-11-28 00:00:00.000000,-745340.1
0.0,0.0,481555.44,2210374.5,2285.6677,2694215.8,1269800.4,73613.67,1348539.4,0.0,2271.3794,2694225.0,-9.25,-0.0,1983-12-29 00:00:00.000000,-866983.94
0.0,0.0,474511.7,2210374.5,2289.9214,2687176.2,1234186.4,76304.21,1374417.9,0.0,2276.385,2687185.0,-8.75,-0.0,1984-01-29 00:00:00.000000,-899906.2
0.0,0.0,470175.1,2210374.5,2287.9702,2682837.5,1209254.5,78103.71,1393211.8,0.0,2275.317,2682845.2,-7.75,-0.0,1984-02-26 00:00:00.000000,-923036.6
0.0,0.0,466348.22,2210374.5,2296.4038,2679019.2,1185786.6,79694.54,1411262.2,0.0,2283.3875,2679027.0,-7.75,-0.0,1984-03-28 00:00:00.000000,-944914.0
0.0,0.0,463200.7,2210374.5,2308.565,2675883.8,1165665.5,80979.695,1426950.0,0.0,2295.8337,2675891.0,-7.25,-0.0,1984-04-27 00:00:00.000000,-963749.3
923771.0,0.0,480651.28,0.0,2316.4873,1406738.8,0.0,76577.875,1327867.6,0.0,2301.97,1406747.5,-8.75,-0.0,1984-05-28 00:00:00.000000,-847216.4
895177.0,0.0,486609.7,0.0,2316.4644,1384103.2,0.0,74324.766,1307485.8,0.0,2301.9602,1384112.5,-9.25,-0.0,1984-06-27 00:00:00.000000,-820876.06
873409.94,0.0,490730.53,0.0,2315.2197,1366455.8,0.0,72680.18,1291472.4,0.0,2309.2815,1366461.8,-6.0,-0.0,1984-07-28 00:00:00.000000,-800741.9
855473.56,0.0,494018.12,0.0,2321.71,1351813.5,0.0,71411.95,1278104.6,0.0,2305.3713,1351822.0,-8.5,-0.0,1984-08-28 00:00:00.000000,-784086.5
840352.1,0.0,496758.66,0.0,2314.224,1339425.0,0.0,70402.69,1266735.2,0.0,2298.1306,1339436.1,-11.125,-0.0,1984-09-27 00:00:00.000000,-769976.6
826293.44,0.0,499310.16,0.0,2303.5498,1327907.1,0.0,69517.836,1256110.1,0.0,2287.9536,1327916.0,-8.875,-0.0,1984-10-28 00:00:00.000000,-756800.0
813780.3,0.0,501595.5,0.0,2293.901,1317669.6,0.0,68770.88,1246629.6,0.0,2278.3362,1317678.9,-9.25,-0.0,1984-11-27 00:00:00.000000,-745034.1
0.0,0.0,481626.94,2210374.5,2285.293,2694286.8,1270113.0,73606.48,1348305.2,0.0,2271.0183,2694295.8,-9.0,-0.0,1984-12-28 00:00:00.000000,-866678.3
0.0,0.0,474580.5,2210374.5,2289.8877,2687245.0,1234496.8,76297.14,1374183.5,0.0,2276.277,2687253.8,-8.75,-0.0,1985-01-28 00:00:00.000000,-899603.0
0.0,0.0,470242.28,2210374.5,2287.3428,2682904.0,1209561.5,78096.734,1392978.6,0.0,2274.7322,2682911.8,-7.75,-0.0,1985-02-25 00:00:00.000000,-922736.4
0.0,0.0,466413.47,2210374.5,2296.0627,2679084.0,1186091.5,79687.6,1411029.5,0.0,2283.0415,2679091.5,-7.5,-0.0,1985-03-28 00:00:00.000000,-944616.0
0.0,0.0,463264.5,2210374.5,2308.2402,2675947.2,1165967.1,80972.875,1426719.1,0.0,2295.5103,2675954.5,-7.25,-0.0,1985-04-27 00:00:00.000000,-963454.6
923473.25,0.0,480719.16,0.0,2316.1597,1406508.5,0.0,76571.195,1327646.1,0.0,2301.6497,1406519.0,-10.5,-0.0,1985-05-28 00:00:00.000000,-846927.0
894884.25,0.0,486678.4,0.0,2316.1987,1383878.9,0.0,74318.16,1307267.9,0.0,2301.6858,1383887.6,-8.75,-0.0,1985-06-27 00:00:00.000000,-820589.5
873108.94,0.0,490800.0,0.0,2321.0593,1366230.0,0.0,72673.69,1291259.1,0.0,2305.953,1366238.8,-8.75,-0.0,1985-07-28 00:00:00.000000,-800459.1
855187.56,0.0,494087.9,0.0,2321.288,1351596.8,0.0,71405.56,1277894.5,0.0,2304.953,1351605.0,-8.25,-0.0,1985-08-28 00:00:00.000000,-783806.6
840067.9,0.0,496828.53,0.0,2313.6106,1339210.0,0.6679,70396.4,1266528.8,0.0,2297.358,1339223.1,-13.125,-0.0,1985-09-27 00:00:00.000000,-769700.25
826014.1,0.0,499379.62,0.0,2303.207,1327697.0,0.0,69511.66,1255906.6,0.0,2287.3806,1327705.6,-8.625,-0.0,1985-10-28 00:00:00.000000,-756527.0
813504.2,0.0,501664.6,0.0,2293.4595,1317462.2,0.0,68764.8,1246428.8,0.0,2277.9033,1317471.4,-9.125,-0.0,1985-11-27 00:00:00.000000,-744764.1
0.0,0.0,481690.9,2210374.5,2284.881,2694350.5,1270389.5,73600.46,1348099.1,0.0,2270.605,2694359.5,-9.0,-0.0,1985-12-28 00:00:00.000000,-866408.25
0.0,0.0,474642.06,2210374.5,2289.6494,2687306.2,1234770.6,76291.22,1373977.0,0.0,2276.0225,2687315.0,-8.75,-0.0,1986-01-28 00:00:00.000000,-899334.94
0.0,0.0,470302.44,2210374.5,2286.8691,2682963.8,1209833.4,78090.88,1392773.0,0.0,2274.2783,2682971.5,-7.75,-0.0,1986-02-25 00:00:00.000000,-922470.56
0.0,0.0,466471.88,2210374.5,2295.8188,2679142.2,1186361.2,79681.79,1410824.1,0.0,2282.8313,2679149.8,-7.5,-0.0,1986-03-28 00:00:00.000000,-944352.25
0.0,0.0,463321.72,2210374.5,2307.9712,2676004.2,1166234.0,80967.17,1426515.0,0.0,2295.241,2676011.2,-7.0,-0.0,1986-04-27 00:00:00.000000,-963193.25
923223.0,0.0,480779.84,0.0,2309.2725,1406312.1,0.0,76565.62,1327449.2,0.0,2303.6055,1406318.5,-6.375,-0.0,1986-05-28 00:00:00.000000,-846669.4
894623.2,0.0,486739.94,0.0,2315.6318,1383678.8,0.0,74312.625,1307074.8,0.0,2301.2825,1383688.6,-9.875,-0.0,1986-06-27 00:00:00.000000,-820334.8
872851.75,0.0,490862.16,0.0,2322.1628,1366036.0,0.0,72668.266,1291069.2,0.0,2306.8901,1366044.4,-8.375,-0.0,1986-07-28 00:00:00.000000,-800207.1
854932.6,0.0,494150.3,0.0,2320.703,1351403.8,0.0,71400.22,1277707.6,0.0,2304.9482,1351412.9,-9.125,-0.0,1986-08-28 00:00:00.000000,-783557.3
839817.6,0.0,496891.1,0.0,2313.3137,1339022.1,0.0,70391.14,1266345.0,0.0,2297.204,1339033.4,-11.25,-0.0,1986-09-27 00:00:00.000000,-769453.9
825764.7,0.0,499442.72,0.0,2302.6567,1327510.0,0.0,69506.48,1255725.5,0.0,2287.0864,1327519.1,-9.125,-0.0,1986-10-28 00:00:00.000000,-756282.75
813258.1,0.0,501727.1,0.0,2293.1216,1317278.4,0.0,68759.7,1246249.9,0.0,2277.5686,1317287.2,-8.875,-0.0,1986-11-27 00:00:00.000000,-744522.75
0.0,0.0,481748.7,2210374.5,2284.547,2694407.8,1270635.5,73595.414,1347915.8,0.0,2270.2617,2694416.8,-9.0,-0.0,1986-12-28 00:00:00.000000,-866167.06
0.0,0.0,474697.53,2210374.5,2289.268,2687361.2,1235014.5,76286.266,1373793.4,0.0,2275.7483,2687369.8,-8.5,-0.0,1987-01-28 00:00:00.000000,-899095.9
0.0,0.0,470356.66,2210374.5,2286.4436,2683017.8,1210075.1,78085.984,1392590.1,0.0,2273.8486,2683025.0,-7.25,-0.0,1987-02-25 00:00:00.000000,-922233.5
0.0,0.0,466524.4,2210374.5,2295.5652,2679194.5,1186601.2,79676.92,1410641.5,0.0,2282.5896,2679202.0,-7.5,-0.0,1987-03-28 00:00:00.000000,-944117.1
0.0,0.0,463373.25,2210374.5,2307.7388,2676055.5,1166471.8,80962.39,1426333.6,0.0,2294.9294,2676062.8,-7.25,-0.0,1987-04-27 00:00:00.000000,-962960.4
922977.56,0.0,480834.72,0.0,2315.8682,1406128.1,0.0,76560.914,1327276.1,0.0,2301.3357,1406138.4,-10.25,-0.0,1987-05-28 00:00:00.000000,-846441.4
894393.1,0.0,486795.47,0.0,2315.7812,1383504.4,0.0,74307.984,1306903.9,0.0,2301.4126,1383513.2,-8.875,-0.0,1987-06-27 00:00:00.000000,-820108.4
872623.25,0.0,490918.25,0.0,2321.9607,1365863.5,0.0,72663.7,1290901.4,0.0,2306.6604,1365871.8,-8.25,-0.0,1987-07-28 00:00:00.000000,-799983.1
854706.0,0.0,494206.5,0.0,2321.1929,1351233.8,0.0,71395.72,1277542.2,0.0,2304.819,1351242.9,-9.125,-0.0,1987-08-28 00:00:00.000000,-783335.75
839595.4,0.0,496947.3,0.0,2313.0903,1338855.9,0.0,70386.72,1266181.9,0.0,2297.0994,1338865.8,-9.875,-0.0,1987-09-27 00:00:00.000000,-769234.56
825543.44,0.0,499499.12,0.0,2302.4006,1327344.9,0.0,69502.125,1255564.6,0.0,2286.8328,1327353.6,-8.75,-0.0,1987-10-28 00:00:00.000000,-756065.5
813039.06,0.0,501783.12,0.0,2292.825,1317115.1,0.0,68755.414,1246091.1,0.0,2277.3247,1317123.9,-8.75,-0.0,1987-11-27 00:00:00.000000,-744308.0
0.0,0.0,481800.53,2210374.5,2284.4817,2694459.5,1270854.4,73591.18,1347753.0,0.0,2270.1978,2694468.8,-9.25,-0.0,1987-12-28 00:00:00.000000,-865952.5
0.0,0.0,474747.38,2210374.5,2289.0493,2687411.0,1235231.8,76282.09,1373630.0,0.0,2275.541,2687419.5,-8.5,-0.0,1988-01-28 00:00:00.000000,-898882.6
0.0,0.0,470405.38,2210374.5,2285.5056,2683065.5,1210290.2,78081.87,1392427.6,0.0,2273.2417,2683073.0,-7.5,-0.0,1988-02-25 00:00:00.000000,-922022.25
0.0,0.0,466571.75,2210374.5,2295.3232,2679241.5,1186815.1,79672.82,1410479.1,0.0,2282.3481,2679249.2,-7.75,-0.0,1988-03-27 00:00:00.000000,-943907.4
0.0,0.0,463419.62,2210374.5,2307.8933,2676102.0,1166683.4,80958.375,1426172.2,0.0,2295.2656,2676109.2,-7.25,-0.0,1988-04-26 00:00:00.000000,-962752.6
922781.25,0.0,480883.97,0.0,2308.6008,1405973.9,0.0,76556.97,1327120.4,0.0,2302.875,1405980.2,-6.375,-0.0,1988-05-27 00:00:00.000000,-846236.4
894186.25,0.0,486845.3,0.0,2315.845,1383347.4,0.0,74304.08,1306751.0,0.0,2301.4734,1383356.6,-9.25,-0.0,1988-06-26 00:00:00.000000,-819905.7
872418.25,0.0,490968.66,0.0,2322.054,1365708.9,0.0,72659.87,1290751.2,0.0,2306.8474,1365718.0,-9.125,-0.0,1988-07-27 00:00:00.000000,-799782.6
854504.56,0.0,494257.1,0.0,2320.6301,1351082.2,0.0,71391.93,1277394.5,0.0,2304.7476,1351091.1,-8.875,-0.0,1988-08-27 00:00:00.000000,-783137.4
839392.5,0.0,496998.0,0.0,2312.8064,1338703.2,0.3046,70382.99,1266036.4,0.0,2297.0276,1338716.6,-13.375,-0.0,1988-09-26 00:00:00.000000,-769038.4
825345.6,0.0,499549.75,0.0,2302.1821,1327197.5,0.0,69498.45,1255421.1,0.0,2286.6155,1327206.2,-8.75,-0.0,1988-10-27 00:00:00.000000,-755871.4
812843.2,0.0,501833.5,0.0,2292.5737,1316969.4,0.0,68751.805,1245949.4,0.0,2277.075,1316978.2,-8.875,-0.0,1988-11-26 00:00:00.000000,-744115.9
0.0,0.0,481847.2,2210374.5,2284.271,2694506.0,1271050.0,73587.6,1347607.8,0.0,2269.9854,2694515.5,-9.5,-0.0,1988-12-27 00:00:00.000000,-865760.56
0.0,0.0,474792.25,2210374.5,2288.7654,2687455.5,1235426.2,76278.58,1373484.2,0.0,2275.2422,2687464.2,-8.75,-0.0,1989-01-27 00:00:00.000000,-898692.0
0.0,0.0,470449.3,2210374.5,2285.0999,2683108.8,1210482.9,78078.39,1392282.4,0.0,2272.829,2683116.2,-7.5,-0.0,1989-02-24 00:00:00.000000,-921833.06
0.0,0.0,466614.5,2210374.5,2294.76,2679283.8,1187006.2,79669.37,1410334.0,0.0,2281.8582,2679291.2,-7.5,-0.0,1989-03-27 00:00:00.000000,-943719.5
0.0,0.0,463461.47,2210374.5,2307.7058,2676143.8,1166872.8,80954.984,1426028.1,0.0,2295.0764,2676151.0,-7.25,-0.0,1989-04-26 00:00:00.000000,-962566.6
922583.8,0.0,480928.44,0.0,2315.0322,1405827.2,0.0,76553.64,1326982.6,0.0,2300.4995,1405836.8,-9.5,-0.0,1989-05-27 00:00:00.000000,-846054.2
894012.7,0.0,486890.3,0.0,2314.3706,1383217.4,0.0,74300.78,1306614.0,0.0,2308.7524,1383223.5,-6.125,-0.0,1989-06-26 00:00:00.000000,-819723.7
872236.1,0.0,491014.1,0.0,2321.8977,1365572.1,0.0,72656.625,1290617.2,0.0,2306.6895,1365580.6,-8.5,-0.0,1989-07-27 00:00:00.000000,-799603.1
854323.9,0.0,494302.66,0.0,2320.8313,1350947.4,0.0,71388.74,1277262.4,0.0,2304.968,1350956.1,-8.75,-0.0,1989-08-27 00:00:00.000000,-782959.75
839229.56,0.0,497043.62,0.0,2305.1123,1338578.4,0.0,70379.86,1265905.4,0.0,2299.2524,1338584.5,-6.125,-0.0,1989-09-26 00:00:00.000000,-768861.75
825167.5,0.0,499595.66,0.0,2302.102,1327065.2,0.0,69495.37,1255292.5,0.0,2286.4814,1327074.4,-9.125,-0.0,1989-10-27 00:00:00.000000,-755696.9
812667.8,0.0,501879.03,0.0,2292.3772,1316839.2,0.0,68748.76,1245822.4,0.0,2276.8708,1316848.0,-8.75,-0.0,1989-11-26 00:00:00.000000,-743943.4
0.0,0.0,481889.38,2210374.5,2284.1045,2694548.0,1271225.2,73584.59,1347477.5,0.0,2269.8167,2694557.2,-9.25,-0.0,1989-12-27 00:00:00.000000,-865588.1
0.0,0.0,474832.84,2210374.5,2288.6194,2687495.8,1235600.2,76275.62,1373353.6,0.0,2275.0881,2687504.5,-8.75,-0.0,1990-01-26 21:35:51.562500,-898520.75
0.0,0.0,470489.03,2210374.5,2284.819,2683148.2,1210655.5,78075.46,1392152.4,0.0,2272.5415,2683156.0,-7.75,-0.0,1990-02-23 21:35:51.562500,-921663.4
0.0,0.0,466653.16,2210374.5,2294.541,2679322.2,1187177.5,79666.445,1410204.1,0.0,2281.6865,2679329.8,-7.5,-0.0,1990-03-26 21:35:51.562500,-943551.0
0.0,0.0,463499.28,2210374.5,2306.302,2676180.0,1167042.6,80952.125,1425898.8,0.0,2293.6594,2676187.2,-7.25,-0.0,1990-04-25 21:35:51.562500,-962399.5
922428.56,0.0,480968.62,0.0,2307.8303,1405705.1,0.0,76550.82,1326858.1,0.0,2302.1765,1405711.1,-6.0,-0.0,1990-05-26 21:35:51.562500,-845889.5
893846.6,0.0,486930.94,0.0,2314.4456,1383092.0,0.0,74297.99,1306491.8,0.0,2308.7698,1383098.5,-6.5,-0.0,1990-06-25 21:35:51.562500,-819560.8
872071.6,0.0,491055.2,0.0,2321.7744,1365448.5,0.0,72653.89,1290497.2,0.0,2306.571,1365457.8,-9.25,-0.0,1990-07-26 21:35:51.562500,-799442.06
854161.9,0.0,494344.03,0.0,2320.3152,1350826.2,0.0,71386.04,1277144.6,0.0,2304.504,1350835.1,-8.875,-0.0,1990-08-26 21:35:51.562500,-782800.6
839053.7,0.0,497084.97,0.0,2312.7195,1338451.4,0.0,70377.195,1265789.8,0.0,2296.5447,1338463.5,-12.125,-0.0,1990-09-25 21:35:51.562500,-768704.75
825009.5,0.0,499636.75,0.0,2301.8635,1326948.1,0.0,69492.74,1255177.9,0.0,2286.3022,1326956.9,-8.75,-0.0,1990-10-26 21:35:51.562500,-755541.1
812511.06,0.0,501919.94,0.0,2293.8328,1316724.9,0.0,68746.18,1245709.0,0.0,2278.5273,1316733.6,-8.75,-0.0,1990-11-25 21:35:51.562500,-743789.06
0.0,0.0,481927.38,2210374.5,2285.062,2694587.0,1271382.2,73582.04,1347361.1,0.0,2270.8787,2694596.5,-9.5,-0.0,1990-12-26 21:35:51.562500,-865433.75
